ds,consensus_pred,actual_champion_pred,champion_pred,challenger_pred,actual_challenger_pred,actual,nsa_pred,nsa_raw_pred,sidecar_acceleration_classifier_logistic__predicted_mom,sidecar_acceleration_classifier_logistic__predicted_accel,sidecar_acceleration_classifier_logistic__predicted_accel_sign,sidecar_acceleration_classifier_logistic__predicted_accel_proba_up,sidecar_acceleration_classifier_logistic__confidence,sidecar_acceleration_classifier_logistic__uncertainty,sidecar_acceleration_classifier_logistic__suggested_nudge,sidecar_acceleration_classifier_xgb__predicted_mom,sidecar_acceleration_classifier_xgb__predicted_accel,sidecar_acceleration_classifier_xgb__predicted_accel_sign,sidecar_acceleration_classifier_xgb__predicted_accel_proba_up,sidecar_acceleration_classifier_xgb__confidence,sidecar_acceleration_classifier_xgb__uncertainty,sidecar_acceleration_classifier_xgb__suggested_nudge,sidecar_compact_bvar_prior__predicted_mom,sidecar_compact_bvar_prior__predicted_accel,sidecar_compact_bvar_prior__predicted_accel_sign,sidecar_compact_bvar_prior__predicted_accel_proba_up,sidecar_compact_bvar_prior__confidence,sidecar_compact_bvar_prior__uncertainty,sidecar_direct_sa_residual_ridge__predicted_mom,sidecar_direct_sa_residual_ridge__predicted_accel,sidecar_direct_sa_residual_ridge__predicted_accel_sign,sidecar_direct_sa_residual_ridge__predicted_accel_proba_up,sidecar_direct_sa_residual_ridge__confidence,sidecar_direct_sa_residual_ridge__uncertainty,sidecar_direct_sa_residual_ridge__suggested_nudge,sidecar_hmm_labor_regime__predicted_mom,sidecar_hmm_labor_regime__predicted_accel,sidecar_hmm_labor_regime__predicted_accel_sign,sidecar_hmm_labor_regime__predicted_accel_proba_up,sidecar_hmm_labor_regime__confidence,sidecar_hmm_labor_regime__uncertainty,sidecar_hmm_labor_regime__regime_state,sidecar_hmm_labor_regime__regime_entropy,sidecar_hmm_labor_regime__regime_transition_risk,sidecar_hmm_labor_regime__regime_expected_duration,sidecar_hmm_labor_regime__regime_state_mean_accel,sidecar_hmm_labor_regime__regime_prob_0,sidecar_hmm_labor_regime__regime_prob_1,sidecar_meta__predicted_accel_mean,sidecar_meta__predicted_accel_std,sidecar_meta__predicted_accel_abs_max,sidecar_meta__predicted_mom_mean,sidecar_meta__predicted_mom_std,sidecar_meta__accel_proba_up_mean,sidecar_meta__accel_proba_up_std,sidecar_meta__confidence_mean,sidecar_meta__confidence_max,sidecar_meta__accel_sign_vote,sidecar_meta__accel_sign_disagreement,sidecar_meta__confidence_weighted_accel,sidecar_meta__suggested_nudge_mean,sidecar_meta__suggested_nudge_abs_max,sidecar_meta__risk_mean,sidecar_meta__risk_max
1999-04-01,230.0,,,,,375.0,,,,,,,,,,,,,,,,,,,,,,,,,,,,,,,,,,,,,,,,,,,,,,,,,,,,,,,,,,
1999-06-01,220.0,,,,,257.0,,,,,,,,,,,,,,,,,,,,,,,,,,,,,,,,,,,,,,,,,,,,,,,,,,,,,,,,,,
1999-07-01,201.0,,,,,159.0,,,,,,,,,,,,,,,,,,,,,,,,,,,,,,,,,,,,,,,,,,,,,,,,,,,,,,,,,,
1999-08-01,211.0,,,,,204.0,,,,,,,,,,,,,,,,,,,,,,,,,,,,,,,,,,,,,,,,,,,,,,,,,,,,,,,,,,
1999-10-01,313.0,,,,,537.0,,,,,,,,,,,,,,,,,,,,,,,,,,,,,,,,,,,,,,,,,,,,,,,,,,,,,,,,,,
1999-11-01,203.0,,,,,304.0,,,,,,,,,,,,,,,,,,,,,,,,,,,,,,,,,,,,,,,,,,,,,,,,,,,,,,,,,,
1999-12-01,226.0,,,,,155.0,,,,,,,,,,,,,,,,,,,,,,,,,,,,,,,,,,,,,,,,,,,,,,,,,,,,,,,,,,
2000-01-01,255.0,,,,,322.0,,,,,,,,,,,,,,,,,,,,,,,,,,,,,,,,,,,,,,,,,,,,,,,,,,,,,,,,,,
2000-02-01,206.0,,,,,131.0,,,,,,,,,,,,,,,,,,,,,,,,,,,,,,,,,,,,,,,,,,,,,,,,,,,,,,,,,,
2000-03-01,376.0,,,,,510.0,,,,,,,,,,,,,,,,,,,,,,,,,,,,,,,,,,,,,,,,,,,,,,,,,,,,,,,,,,
2000-04-01,354.0,,,,,308.0,,,,,,,,,,,,,,,,,,,,,,,,,,,,,,,,,,,,,,,,,,,,,,,,,,,,,,,,,,
2000-05-01,376.0,,,,,208.0,,,,,,,,,,,,,,,,,,,,,,,,,,,,,,,,,,,,,,,,,,,,,,,,,,,,,,,,,,
2000-06-01,263.0,,,,,-2.0,,,,,,,,,,,,,,,,,,,,,,,,,,,,,,,,,,,,,,,,,,,,,,,,,,,,,,,,,,
2000-07-01,58.0,,,,,160.0,,,,,,,,,,,,,,,,,,,,,,,,,,,,,,,,,,,,,,,,,,,,,,,,,,,,,,,,,,
2000-08-01,7.0,,,,,-28.0,,,,,,,,,,,,,,,,,,,,,,,,,,,,,,,,,,,,,,,,,,,,,,,,,,,,,,,,,,
2000-09-01,232.0,,,,,107.0,,,,,,,,,,,,,,,,,,,,,,,,,,,,,,,,,,,,,,,,,,,,,,,,,,,,,,,,,,
2000-10-01,184.0,,,,,15.0,,,,,,,,,,,,,,,,,,,,,,,,,,,,,,,,,,,,,,,,,,,,,,,,,,,,,,,,,,
2000-11-01,140.0,,,,,180.0,,,,,,,,,,,,,,,,,,,,,,,,,,,,,,,,,,,,,,,,,,,,,,,,,,,,,,,,,,
2001-01-01,83.0,,,,,-97.0,,,,,,,,,,,,,,,,,,,,,,,,,,,,,,,,,,,,,,,,,,,,,,,,,,,,,,,,,,
2001-02-01,62.0,,,,,172.0,,,,,,,,,,,,,,,,,,,,,,,,,,,,,,,,,,,,,,,,,,,,,,,,,,,,,,,,,,
2001-03-01,58.0,,,,,-53.0,,,,,,,,,,,,,,,,,,,,,,,,,,,,,,,,,,,,,,,,,,,,,,,,,,,,,,,,,,
2001-04-01,5.0,,,,,-293.0,,,,,,,,,,,,,,,,,,,,,,,,,,,,,,,,,,,,,,,,,,,,,,,,,,,,,,,,,,
2001-05-01,-17.0,,,,,23.0,,,,,,,,,,,,,,,,,,,,,,,,,,,,,,,,,,,,,,,,,,,,,,,,,,,,,,,,,,
2001-06-01,-42.0,,,,,-208.0,,,,,,,,,,,,,,,,,,,,,,,,,,,,,,,,,,,,,,,,,,,,,,,,,,,,,,,,,,
2001-07-01,-50.0,,,,,-99.0,,,,,,,,,,,,,,,,,,,,,,,,,,,,,,,,,,,,,,,,,,,,,,,,,,,,,,,,,,
2001-08-01,-33.0,,,,,-168.0,,,,,,,,,,,,,,,,,,,,,,,,,,,,,,,,,,,,,,,,,,,,,,,,,,,,,,,,,,
2001-09-01,-109.0,,,,,-241.0,,,,,,,,,,,,,,,,,,,,,,,,,,,,,,,,,,,,,,,,,,,,,,,,,,,,,,,,,,
2001-10-01,-289.0,,,,,-349.0,,,,,,,,,,,,,,,,,,,,,,,,,,,,,,,,,,,,,,,,,,,,,,,,,,,,,,,,,,
2001-11-01,-189.0,,,,,-289.0,,,,,,,,,,,,,,,,,,,,,,,,,,,,,,,,,,,,,,,,,,,,,,,,,,,,,,,,,,
2001-12-01,-139.0,,,,,-178.0,,,,,,,,,,,,,,,,,,,,,,,,,,,,,,,,,,,,,,,,,,,,,,,,,,,,,,,,,,
2002-02-01,9.0,,,,,-204.0,,,,,,,,,,,,,,,,,,,,,,,,,,,,,,,,,,,,,,,,,,,,,,,,,,,,,,,,,,
2002-03-01,41.0,,,,,16.0,,,,,,,,,,,,,,,,,,,,,,,,,,,,,,,,,,,,,,,,,,,,,,,,,,,,,,,,,,
2002-04-01,41.0,,,,,-85.0,,,,,,,,,,,,,,,,,,,,,,,,,,,,,,,,,,,,,,,,,,,,,,,,,,,,,,,,,,
2002-05-01,58.0,,,,,-5.0,,,,,,,,,,,,,,,,,,,,,,,,,,,,,,,,,,,,,,,,,,,,,,,,,,,,,,,,,,
2002-06-01,86.0,,,,,41.0,,,,,,,,,,,,,,,,,,,,,,,,,,,,,,,,,,,,,,,,,,,,,,,,,,,,,,,,,,
2002-07-01,69.0,,,,,-113.0,,,,,,,,,,,,,,,,,,,,,,,,,,,,,,,,,,,,,,,,,,,,,,,,,,,,,,,,,,
2002-08-01,37.0,,,,,0.0,,,,,,,,,,,,,,,,,,,,,,,,,,,,,,,,,,,,,,,,,,,,,,,,,,,,,,,,,,
2002-09-01,5.0,,,,,-8.0,,,,,,,,,,,,,,,,,,,,,,,,,,,,,,,,,,,,,,,,,,,,,,,,,,,,,,,,,,
2002-10-01,7.0,,,,,73.0,,,,,,,,,,,,,,,,,,,,,,,,,,,,,,,,,,,,,,,,,,,,,,,,,,,,,,,,,,
2002-11-01,37.0,,,,,-8.0,,,,,,,,,,,,,,,,,,,,,,,,,,,,,,,,,,,,,,,,,,,,,,,,,,,,,,,,,,
2002-12-01,22.0,,,,,-132.0,,,,,,,,,,,,,,,,,,,,,,,,,,,,,,,,,,,,,,,,,,,,,,,,,,,,,,,,,,
2003-01-01,70.0,,,,,64.0,,,,,,,,,,,,,,,,,,,,,,,,,,,,,,,,,,,,,,,,,,,,,,,,,,,,,,,,,,
2003-02-01,8.0,,,,,-144.0,,,,,,,,,,,,,,,,,,,,,,,,,,,,,,,,,,,,,,,,,,,,,,,,,,,,,,,,,,
2003-03-01,-29.0,,,,,-183.0,,,,,,,,,,,,,,,,,,,,,,,,,,,,,,,,,,,,,,,,,,,,,,,,,,,,,,,,,,
2003-04-01,-53.0,,,,,-73.0,,,,,,,,,,,,,,,,,,,,,,,,,,,,,,,,,,,,,,,,,,,,,,,,,,,,,,,,,,
2003-05-01,-39.0,,,,,-13.0,,,,,,,,,,,,,,,,,,,,,,,,,,,,,,,,,,,,,,,,,,,,,,,,,,,,,,,,,,
2003-06-01,-2.0,,,,,128.0,,,,,,,,,,,,,,,,,,,,,,,,,,,,,,,,,,,,,,,,,,,,,,,,,,,,,,,,,,
2003-07-01,14.0,,,,,-92.0,,,,,,,,,,,,,,,,,,,,,,,,,,,,,,,,,,,,,,,,,,,,,,,,,,,,,,,,,,
2003-08-01,17.0,,,,,-48.0,,,,,,,,,,,,,,,,,,,,,,,,,,,,,,,,,,,,,,,,,,,,,,,,,,,,,,,,,,
2003-09-01,-13.0,,,,,103.0,,,,,,,,,,,,,,,,,,,,,,,,,,,,,,,,,,,,,,,,,,,,,,,,,,,,,,,,,,
2003-10-01,60.0,,,,,150.0,,,,,,,,,,,,,,,,,,,,,,,,,,,,,,,,,,,,,,,,,,,,,,,,,,,,,,,,,,
2003-11-01,135.0,,,,,55.0,,,,,,,,,,,,,,,,,,,,,,,,,,,,,,,,,,,,,,,,,,,,,,,,,,,,,,,,,,
2003-12-01,144.0,,,,,-6.0,,,,,,,,,,,,,,,,,,,,,,,,,,,,,,,,,,,,,,,,,,,,,,,,,,,,,,,,,,
2004-02-01,122.0,,,,,31.0,,,,,,,,,,,,,,,,,,,,,,,,,,,,,,,,,,,,,,,,,,,,,,,,,,,,,,,,,,
2004-03-01,110.0,,,,,330.0,,,,,,,,,,,,,,,,,,,,,,,,,,,,,,,,,,,,,,,,,,,,,,,,,,,,,,,,,,
2004-04-01,172.0,,,,,129.0,,,,,,,,,,,,,,,,,,,,,,,,,,,,,,,,,,,,,,,,,,,,,,,,,,,,,,,,,,
2004-05-01,221.0,,,,,322.0,,,,,,,,,,,,,,,,,,,,,,,,,,,,,,,,,,,,,,,,,,,,,,,,,,,,,,,,,,
2004-06-01,245.0,,,,,190.0,,,,,,,,,,,,,,,,,,,,,,,,,,,,,,,,,,,,,,,,,,,,,,,,,,,,,,,,,,
2004-07-01,233.0,,,,,-142.0,,,,,,,,,,,,,,,,,,,,,,,,,,,,,,,,,,,,,,,,,,,,,,,,,,,,,,,,,,
2004-08-01,153.0,,,,,203.0,,,,,,,,,,,,,,,,,,,,,,,,,,,,,,,,,,,,,,,,,,,,,,,,,,,,,,,,,,
2004-09-01,169.0,,,,,92.0,,,,,,,,,,,,,,,,,,,,,,,,,,,,,,,,,,,,,,,,,,,,,,,,,,,,,,,,,,
2004-10-01,190.0,,,,,563.0,,,,,,,,,,,,,,,,,,,,,,,,,,,,,,,,,,,,,,,,,,,,,,,,,,,,,,,,,,
2004-12-01,182.0,,,,,191.0,,,,,,,,,,,,,,,,,,,,,,,,,,,,,,,,,,,,,,,,,,,,,,,,,,,,,,,,,,
2005-01-01,184.0,,,,,307.0,,,,,,,,,,,,,,,,,,,,,,,,,,,,,,,,,,,,,,,,,,,,,,,,,,,,,,,,,,
2005-02-01,218.0,,,,,270.0,,,,,,,,,,,,,,,,,,,,,,,,,,,,,,,,,,,,,,,,,,,,,,,,,,,,,,,,,,
2005-03-01,217.0,,,,,83.0,,,,,,,,,,,,,,,,,,,,,,,,,,,,,,,,,,,,,,,,,,,,,,,,,,,,,,,,,,
2005-04-01,178.0,,,,,367.0,,,,,,,,,,,,,,,,,,,,,,,,,,,,,,,,,,,,,,,,,,,,,,,,,,,,,,,,,,
2005-05-01,184.0,,,,,54.0,,,,,,,,,,,,,,,,,,,,,,,,,,,,,,,,,,,,,,,,,,,,,,,,,,,,,,,,,,
2005-06-01,186.0,,,,,190.0,,,,,,,,,,,,,,,,,,,,,,,,,,,,,,,,,,,,,,,,,,,,,,,,,,,,,,,,,,
2005-07-01,186.0,,,,,249.0,,,,,,,,,,,,,,,,,,,,,,,,,,,,,,,,,,,,,,,,,,,,,,,,,,,,,,,,,,
2005-08-01,190.0,,,,,369.0,,,,,,,,,,,,,,,,,,,,,,,,,,,,,,,,,,,,,,,,,,,,,,,,,,,,,,,,,,
2005-09-01,-152.0,,,,,-114.0,,,,,,,,,,,,,,,,,,,,,,,,,,,,,,,,,,,,,,,,,,,,,,,,,,,,,,,,,,
2005-10-01,113.0,,,,,20.0,,,,,,,,,,,,,,,,,,,,,,,,,,,,,,,,,,,,,,,,,,,,,,,,,,,,,,,,,,
2005-12-01,213.0,,,,,179.0,,,,,,,,,,,,,,,,,,,,,,,,,,,,,,,,,,,,,,,,,,,,,,,,,,,,,,,,,,
2006-01-01,219.0,,,,,96.0,,,,,,,,,,,,,,,,,,,,,,,,,,,,,,,,,,,,,,,,,,,,,,,,,,,,,,,,,,
2006-02-01,208.0,,,,,225.0,,,,,,,,,,,,,,,,,,,,,,,,,,,,,,,,,,,,,,,,,,,,,,,,,,,,,,,,,,
2006-03-01,195.0,,,,,177.0,,,,,,,,,,,,,,,,,,,,,,,,,,,,,,,,,,,,,,,,,,,,,,,,,,,,,,,,,,
2006-04-01,201.0,,,,,102.0,,,,,,,,,,,,,,,,,,,,,,,,,,,,,,,,,,,,,,,,,,,,,,,,,,,,,,,,,,
2006-05-01,175.0,,,,,38.0,,,,,,,,,,,,,,,,,,,,,,,,,,,,,,,,,,,,,,,,,,,,,,,,,,,,,,,,,,
2006-06-01,157.0,,,,,124.0,,,,,,,,,,,,,,,,,,,,,,,,,,,,,,,,,,,,,,,,,,,,,,,,,,,,,,,,,,
2006-07-01,145.0,,,,,124.0,,,,,,,,,,,,,,,,,,,,,,,,,,,,,,,,,,,,,,,,,,,,,,,,,,,,,,,,,,
2006-08-01,125.0,,,,,146.0,,,,,,,,,,,,,,,,,,,,,,,,,,,,,,,,,,,,,,,,,,,,,,,,,,,,,,,,,,
2006-09-01,123.0,,,,,113.0,,,,,,,,,,,,,,,,,,,,,,,,,,,,,,,,,,,,,,,,,,,,,,,,,,,,,,,,,,
2006-10-01,122.0,,,,,231.0,,,,,,,,,,,,,,,,,,,,,,,,,,,,,,,,,,,,,,,,,,,,,,,,,,,,,,,,,,
2006-11-01,110.0,,,,,174.0,,,,,,,,,,,,,,,,,,,,,,,,,,,,,,,,,,,,,,,,,,,,,,,,,,,,,,,,,,
2006-12-01,97.0,,,,,196.0,,,,,,,,,,,,,,,,,,,,,,,,,,,,,,,,,,,,,,,,,,,,,,,,,,,,,,,,,,
2007-01-01,147.0,,,,,1044.0,,,,,,,,,,,,,,,,,,,,,,,,,,,,,,,,,,,,,,,,,,,,,,,,,,,,,,,,,,
2007-02-01,103.0,,,,,152.0,,,,,,,,,,,,,,,,,,,,,,,,,,,,,,,,,,,,,,,,,,,,,,,,,,,,,,,,,,
2007-03-01,130.0,,,,,212.0,,,,,,,,,,,,,,,,,,,,,,,,,,,,,,,,,,,,,,,,,,,,,,,,,,,,,,,,,,
2007-04-01,106.0,,,,,62.0,,,,,,,,,,,,,,,,,,,,,,,,,,,,,,,,,,,,,,,,,,,,,,,,,,,,,,,,,,
2007-05-01,132.0,,,,,147.0,,,,,,,,,,,,,,,,,,,,,,,,,,,,,,,,,,,,,,,,,,,,,,,,,,,,,,,,,,
2007-06-01,119.0,,,,,207.0,,,,,,,,,,,,,,,,,,,,,,,,,,,,,,,,,,,,,,,,,,,,,,,,,,,,,,,,,,
2007-07-01,130.0,,,,,84.0,,,,,,,,,,,,,,,,,,,,,,,,,,,,,,,,,,,,,,,,,,,,,,,,,,,,,,,,,,
2007-08-01,106.0,,,,,-85.0,,,,,,,,,,,,,,,,,,,,,,,,,,,,,,,,,,,,,,,,,,,,,,,,,,,,,,,,,,
2007-09-01,94.0,,,,,228.0,,,,,,,,,,,,,,,,,,,,,,,,,,,,,,,,,,,,,,,,,,,,,,,,,,,,,,,,,,
2007-10-01,81.0,,,,,156.0,,,,,,,,,,,,,,,,,,,,,,,,,,,,,,,,,,,,,,,,,,,,,,,,,,,,,,,,,,
2007-11-01,71.0,,,,,46.0,,,,,,,,,,,,,,,,,,,,,,,,,,,,,,,,,,,,,,,,,,,,,,,,,,,,,,,,,,
2008-01-01,62.0,,,,,-393.0,,,,,,,,,,,,,,,,,,,,,,,,,,,,,,,,,,,,,,,,,,,,,,,,,,,,,,,,,,
2008-02-01,19.0,,,,,-109.0,,,,,,,,,,,,,,,,,,,,,,,,,,,,,,,,,,,,,,,,,,,,,,,,,,,,,,,,,,
2008-03-01,-55.0,,,,,-147.0,,,,,,,,,,,,,,,,,,,,,,,,,,,,,,,,,,,,,,,,,,,,,,,,,,,,,,,,,,
2008-04-01,-76.0,,,,,-28.0,,,,,,,,,,,,,,,,,,,,,,,,,,,,,,,,,,,,,,,,,,,,,,,,,,,,,,,,,,
2008-05-01,-58.0,,,,,-64.0,,,,,,,,,,,,,,,,,,,,,,,,,,,,,,,,,,,,,,,,,,,,,,,,,,,,,,,,,,
2008-06-01,-60.0,,,,,-114.0,,,,,,,,,,,,,,,,,,,,,,,,,,,,,,,,,,,,,,,,,,,,,,,,,,,,,,,,,,
2008-07-01,-73.0,,,,,-25.0,,,,,,,,,,,,,,,,,,,,,,,,,,,,,,,,,,,,,,,,,,,,,,,,,,,,,,,,,,
2008-08-01,-77.0,,,,,-142.0,,,,,,,,,,,,,,,,,,,,,,,,,,,,,,,,,,,,,,,,,,,,,,,,,,,,,,,,,,
2008-09-01,-106.0,,,,,-159.0,,,,,,,,,,,,,,,,,,,,,,,,,,,,,,,,,,,,,,,,,,,,,,,,,,,,,,,,,,
2008-10-01,-195.0,,,,,-240.0,,,,,,,,,,,,,,,,,,,,,,,,,,,,,,,,,,,,,,,,,,,,,,,,,,,,,,,,,,
2008-11-01,-347.0,,,,,-533.0,,,,,,,,,,,,,,,,,,,,,,,,,,,,,,,,,,,,,,,,,,,,,,,,,,,,,,,,,,
2008-12-01,-493.0,,,,,-524.0,,,,,,,,,,,,,,,,,,,,,,,,,,,,,,,,,,,,,,,,,,,,,,,,,,,,,,,,,,
2009-01-01,-526.0,,,,,-598.0,,,,,,,,,,,,,,,,,,,,,,,,,,,,,,,,,,,,,,,,,,,,,,,,,,,,,,,,,,
2009-02-01,-647.0,,,,,-812.0,,,,,,,,,,,,,,,,,,,,,,,,,,,,,,,,,,,,,,,,,,,,,,,,,,,,,,,,,,
2009-03-01,-653.0,,,,,-663.0,,,,,,,,,,,,,,,,,,,,,,,,,,,,,,,,,,,,,,,,,,,,,,,,,,,,,,,,,,
2009-04-01,-623.0,,,,,-539.0,,,,,,,,,,,,,,,,,,,,,,,,,,,,,,,,,,,,,,,,,,,,,,,,,,,,,,,,,,
2009-05-01,-522.0,,,,,-345.0,,,,,,,,,,,,,,,,,,,,,,,,,,,,,,,,,,,,,,,,,,,,,,,,,,,,,,,,,,
2009-06-01,-361.0,,,,,-467.0,,,,,,,,,,,,,,,,,,,,,,,,,,,,,,,,,,,,,,,,,,,,,,,,,,,,,,,,,,
2009-07-01,-324.0,,,,,-247.0,,,,,,,,,,,,,,,,,,,,,,,,,,,,,,,,,,,,,,,,,,,,,,,,,,,,,,,,,,
2009-08-01,-229.0,,,,,-216.0,,,,,,,,,,,,,,,,,,,,,,,,,,,,,,,,,,,,,,,,,,,,,,,,,,,,,,,,,,
2009-09-01,-181.0,,,,,-276.0,,,,,,,,,,,,,,,,,,,,,,,,,,,,,,,,,,,,,,,,,,,,,,,,,,,,,,,,,,
2009-10-01,-175.0,,,,,-190.0,,,,,,,,,,,,,,,,,,,,,,,,,,,,,,,,,,,,,,,,,,,,,,,,,,,,,,,,,,
2009-11-01,-126.0,,,,,-11.0,,,,,,,,,,,,,,,,,,,,,,,,,,,,,,,,,,,,,,,,,,,,,,,,,,,,,,,,,,
2009-12-01,-9.0,,,,,-85.0,,,,,,,,,,,,,,,,,,,,,,,,,,,,,,,,,,,,,,,,,,,,,,,,,,,,,,,,,,
2010-01-01,7.0,,,,,-20.0,,,,,,,,,,,,,,,,,,,,,,,,,,,,,,,,,,,,,,,,,,,,,,,,,,,,,,,,,,
2010-02-01,-53.0,,,,,-36.0,,,,,,,,,,,,,,,,,,,,,,,,,,,,,,,,,,,,,,,,,,,,,,,,,,,,,,,,,,
2010-03-01,179.0,,,,,162.0,,,,,,,,,,,,,,,,,,,,,,,,,,,,,,,,,,,,,,,,,,,,,,,,,,,,,,,,,,
2010-04-01,195.0,,,,,290.0,,,,,,,,,,,,,,,,,,,,,,,,,,,,,,,,,,,,,,,,,,,,,,,,,,,,,,,,,,
2010-05-01,503.0,,,,,431.0,,,,,,,,,,,,,,,,,,,,,,,,,,,,,,,,,,,,,,,,,,,,,,,,,,,,,,,,,,
2010-06-01,-107.0,,,,,-125.0,,,,,,,,,,,,,,,,,,,,,,,,,,,,,,,,,,,,,,,,,,,,,,,,,,,,,,,,,,
2010-07-01,-70.0,,,,,-131.0,,,,,,,,,,,,,,,,,,,,,,,,,,,,,,,,,,,,,,,,,,,,,,,,,,,,,,,,,,
2010-08-01,-91.0,,,,,-54.0,,,,,,,,,,,,,,,,,,,,,,,,,,,,,,,,,,,,,,,,,,,,,,,,,,,,,,,,,,
2010-09-01,1.0,,,,,-95.0,,,,,,,,,,,,,,,,,,,,,,,,,,,,,,,,,,,,,,,,,,,,,,,,,,,,,,,,,,
2010-10-01,59.0,,,,,151.0,,,,,,,,,,,,,,,,,,,,,,,,,,,,,,,,,,,,,,,,,,,,,,,,,,,,,,,,,,
2010-11-01,145.0,,,,,39.0,,,,,,,,,,,,,,,,,,,,,,,,,,,,,,,,,,,,,,,,,,,,,,,,,,,,,,,,,,
2010-12-01,128.0,,,,,103.0,,,,,,,,,,,,,,,,,,,,,,,,,,,,,,,,,,,,,,,,,,,,,,,,,,,,,,,,,,
2011-01-01,108.0,,,,,36.0,,,,,,,,,,,,,,,,,,,,,,,,,,,,,,,,,,,,,,,,,,,,,,,,,,,,,,,,,,
2011-02-01,156.0,,,,,192.0,,,,,,,,,,,,,,,,,,,,,,,,,,,,,,,,,,,,,,,,,,,,,,,,,,,,,,,,,,
2011-03-01,190.0,,,,,216.0,,,,,,,,,,,,,,,,,,,,,,,,,,,,,,,,,,,,,,,,,,,,,,,,,,,,,,,,,,
2011-04-01,202.0,,,,,244.0,,,,,,,,,,,,,,,,,,,,,,,,,,,,,,,,,,,,,,,,,,,,,,,,,,,,,,,,,,
2011-05-01,187.0,,,,,54.0,,,,,,,,,,,,,,,,,,,,,,,,,,,,,,,,,,,,,,,,,,,,,,,,,,,,,,,,,,
2011-06-01,98.0,,,,,18.0,,,,,,,,,,,,,,,,,,,,,,,,,,,,,,,,,,,,,,,,,,,,,,,,,,,,,,,,,,
2011-07-01,77.0,,,,,117.0,,,,,,,,,,,,,,,,,,,,,,,,,,,,,,,,,,,,,,,,,,,,,,,,,,,,,,,,,,
2011-08-01,101.0,,,,,0.0,,,,,,,,,,,,,,,,,,,,,,,,,,,,,,,,,,,,,,,,,,,,,,,,,,,,,,,,,,
2011-09-01,65.0,,,,,103.0,,,,,,,,,,,,,,,,,,,,,,,,,,,,,,,,,,,,,,,,,,,,,,,,,,,,,,,,,,
2011-10-01,98.0,,,,,80.0,,,,,,,,,,,,,,,,,,,,,,,,,,,,,,,,,,,,,,,,,,,,,,,,,,,,,,,,,,
2011-11-01,119.0,,,,,120.0,,,,,,,,,,,,,,,,,,,,,,,,,,,,,,,,,,,,,,,,,,,,,,,,,,,,,,,,,,
2011-12-01,138.0,,,,,200.0,,,,,,,,,,,,,,,,,,,,,,,,,,,,,,,,,,,,,,,,,,,,,,,,,,,,,,,,,,
2012-01-01,164.0,,,,,243.0,,,,,,,,,,,,,,,,,,,,,,,,,,,,,,,,,,,,,,,,,,,,,,,,,,,,,,,,,,
2012-02-01,216.0,,,,,227.0,,,,,,,,,,,,,,,,,,,,,,,,,,,,,,,,,,,,,,,,,,,,,,,,,,,,,,,,,,
2012-03-01,227.0,,,,,120.0,,,,,,,,,,,,,,,,,,,,,,,,,,,,,,,,,,,,,,,,,,,,,,,,,,,,,,,,,,
2012-04-01,180.0,,,,,115.0,,,,,,,,,,,,,,,,,,,,,,,,,,,,,,,,,,,,,,,,,,,,,,,,,,,,,,,,,,
2012-05-01,157.0,,,,,69.0,,,,,,,,,,,,,,,,,,,,,,,,,,,,,,,,,,,,,,,,,,,,,,,,,,,,,,,,,,
2012-06-01,87.0,,,,,80.0,,,,,,,,,,,,,,,,,,,,,,,,,,,,,,,,,,,,,,,,,,,,,,,,,,,,,,,,,,
2012-07-01,99.0,,,,,163.0,,,,,,,,,,,,,,,,,,,,,,,,,,,,,,,,,,,,,,,,,,,,,,,,,,,,,,,,,,
2012-08-01,121.0,,,,,96.0,,,,,,,,,,,,,,,,,,,,,,,,,,,,,,,,,,,,,,,,,,,,,,,,,,,,,,,,,,
2012-09-01,115.0,,,,,114.0,,,,,,,,,,,,,,,,,,,,,,,,,,,,,,,,,,,,,,,,,,,,,,,,,,,,,,,,,,
2012-10-01,117.0,,,,,171.0,,,,,,,,,,,,,,,,,,,,,,,,,,,,,,,,,,,,,,,,,,,,,,,,,,,,,,,,,,
2012-11-01,113.0,,,,,146.0,,,,,,,,,,,,,,,,,,,,,,,,,,,,,,,,,,,,,,,,,,,,,,,,,,,,,,,,,,
2012-12-01,133.0,,,,,155.0,,,,,,,,,,,,,,,,,,,,,,,,,,,,,,,,,,,,,,,,,,,,,,,,,,,,,,,,,,
2013-01-01,159.0,,,,,157.0,,,,,,,,,,,,,,,,,,,,,,,,,,,,,,,,,,,,,,,,,,,,,,,,,,,,,,,,,,
2013-02-01,152.0,,,,,236.0,,,,,,,,,,,,,,,,,,,,,,,,,,,,,,,,,,,,,,,,,,,,,,,,,,,,,,,,,,
2013-03-01,197.0,,,,,88.0,,,,,,,,,,,,,,,,,,,,,,,,,,,,,,,,,,,,,,,,,,,,,,,,,,,,,,,,,,
2013-04-01,138.0,,,,,165.0,,,,,,,,,,,,,,,,,,,,,,,,,,,,,,,,,,,,,,,,,,,,,,,,,,,,,,,,,,
2013-05-01,165.0,,,,,175.0,,,,,,,,,,,,,,,,,,,,,,,,,,,,,,,,,,,,,,,,,,,,,,,,,,,,,,,,,,
2013-06-01,172.0,,,,,195.0,,,,,,,,,,,,,,,,,,,,,,,,,,,,,,,,,,,,,,,,,,,,,,,,,,,,,,,,,,
2013-07-01,183.0,,,,,162.0,,,,,,,,,,,,,,,,,,,,,,,,,,,,,,,,,,,,,,,,,,,,,,,,,,,,,,,,,,
2013-08-01,172.0,,,,,169.0,,,,,,,,,,,,,,,,,,,,,,,,,,,,,,,,,,,,,,,,,,,,,,,,,,,,,,,,,,
2013-09-01,180.0,,,,,148.0,,,,,,,,,,,,,,,,,,,,,,,,,,,,,,,,,,,,,,,,,,,,,,,,,,,,,,,,,,
2013-10-01,140.0,,,,,264.0,,,,,,,,,,,,,,,,,,,,,,,,,,,,,,,,,,,,,,,,,,,,,,,,,,,,,,,,,,
2013-11-01,182.0,,,,,203.0,,,,,,,,,,,,,,,,,,,,,,,,,,,,,,,,,,,,,,,,,,,,,,,,,,,,,,,,,,
2013-12-01,199.0,,,,,74.0,,,,,,,,,,,,,,,,,,,,,,,,,,,,,,,,,,,,,,,,,,,,,,,,,,,,,,,,,,
2014-01-01,171.0,,,,,113.0,,,,,,,,,,,,,,,,,,,,,,,,,,,,,,,,,,,,,,,,,,,,,,,,,,,,,,,,,,
2014-02-01,160.0,,,,,175.0,,,,,,,,,,,,,,,,,,,,,,,,,,,,,,,,,,,,,,,,,,,,,,,,,,,,,,,,,,
2014-03-01,192.0,,,,,192.0,,,,,,,,,,,,,,,,,,,,,,,,,,,,,,,,,,,,,,,,,,,,,,,,,,,,,,,,,,
2014-04-01,222.0,,,,,288.0,,,,,,,,,,,,,,,,,,,,,,,,,,,,,,,,,,,,,,,,,,,,,,,,,,,,,,,,,,
2014-05-01,215.0,,,,,217.0,,,,,,,,,,,,,,,,,,,,,,,,,,,,,,,,,,,,,,,,,,,,,,,,,,,,,,,,,,
2014-06-01,214.0,,,,,288.0,,,,,,,,,,,,,,,,,,,,,,,,,,,,,,,,,,,,,,,,,,,,,,,,,,,,,,,,,,
2014-07-01,235.0,,,,,209.0,,,,,,,,,,,,,,,,,,,,,,,,,,,,,,,,,,,,,,,,,,,,,,,,,,,,,,,,,,
2014-08-01,218.0,,,,,142.0,,,,,,,,,,,,,,,,,,,,,,,,,,,,,,,,,,,,,,,,,,,,,,,,,,,,,,,,,,
2014-09-01,210.0,,,,,248.0,,,,,,,,,,,,,,,,,,,,,,,,,,,,,,,,,,,,,,,,,,,,,,,,,,,,,,,,,,
2014-10-01,236.0,,,,,214.0,,,,,,,,,,,,,,,,,,,,,,,,,,,,,,,,,,,,,,,,,,,,,,,,,,,,,,,,,,
2014-11-01,238.0,,,,,321.0,,,,,,,,,,,,,,,,,,,,,,,,,,,,,,,,,,,,,,,,,,,,,,,,,,,,,,,,,,
2014-12-01,243.0,,,,,252.0,,,,,,,,,,,,,,,,,,,,,,,,,,,,,,,,,,,,,,,,,,,,,,,,,,,,,,,,,,
2015-01-01,233.0,,,,,257.0,,,,,,,,,,,,,,,,,,,,,,,,,,,,,,,,,,,,,,,,,,,,,,,,,,,,,,,,,,
2015-02-01,235.0,,,,,295.0,,,,,,,,,,,,,,,,,,,,,,,,,,,,,,,,,,,,,,,,,,,,,,,,,,,,,,,,,,
2015-03-01,238.0,,,,,126.0,,,,,,,,,,,,,,,,,,,,,,,,,,,,,,,,,,,,,,,,,,,,,,,,,,,,,,,,,,
2015-04-01,227.0,,,,,223.0,,,,,,,,,,,,,,,,,,,,,,,,,,,,,,,,,,,,,,,,,,,,,,,,,,,,,,,,,,
2015-05-01,227.0,,,,,280.0,,,,,,,,,,,,,,,,,,,,,,,,,,,,,,,,,,,,,,,,,,,,,,,,,,,,,,,,,,
2015-06-01,227.0,,,,,223.0,,,,,,,,,,,,,,,,,,,,,,,,,,,,,,,,,,,,,,,,,,,,,,,,,,,,,,,,,,
2015-07-01,224.0,,,,,215.0,,,,,,,,,,,,,,,,,,,,,,,,,,,,,,,,,,,,,,,,,,,,,,,,,,,,,,,,,,
2015-08-01,215.0,,,,,173.0,,,,,,,,,,,,,,,,,,,,,,,,,,,,,,,,,,,,,,,,,,,,,,,,,,,,,,,,,,
2015-09-01,205.0,,,,,142.0,,,,,,,,,,,,,,,,,,,,,,,,,,,,,,,,,,,,,,,,,,,,,,,,,,,,,,,,,,
2015-10-01,181.0,,,,,271.0,,,,,,,,,,,,,,,,,,,,,,,,,,,,,,,,,,,,,,,,,,,,,,,,,,,,,,,,,,
2015-11-01,196.0,,,,,211.0,,,,,,,,,,,,,,,,,,,,,,,,,,,,,,,,,,,,,,,,,,,,,,,,,,,,,,,,,,
2015-12-01,194.0,,,,,292.0,,,,,,,,,,,,,,,,,,,,,,,,,,,,,,,,,,,,,,,,,,,,,,,,,,,,,,,,,,
2016-01-01,222.0,,,,,151.0,,,,,,,,,,,,,,,,,,,,,,,,,,,,,,,,,,,,,,,,,,,,,,,,,,,,,,,,,,
2016-02-01,191.0,,,,,242.0,,,,,,,,,,,,,,,,,,,,,,,,,,,,,,,,,,,,,,,,,,,,,,,,,,,,,,,,,,
2016-03-01,201.0,,,,,215.0,,,,,,,,,,,,,,,,,,,,,,,,,,,,,,,,,,,,,,,,,,,,,,,,,,,,,,,,,,
2016-04-01,197.0,,,,,160.0,,,,,,,,,,,,,,,,,,,,,,,,,,,,,,,,,,,,,,,,,,,,,,,,,,,,,,,,,,
2016-05-01,169.0,,,,,38.0,,,,,,,,,,,,,,,,,,,,,,,,,,,,,,,,,,,,,,,,,,,,,,,,,,,,,,,,,,
2016-06-01,168.0,,,,,287.0,,,,,,,,,,,,,,,,,,,,,,,,,,,,,,,,,,,,,,,,,,,,,,,,,,,,,,,,,,
2016-07-01,180.0,,,,,255.0,,,,,,,,,,,,,,,,,,,,,,,,,,,,,,,,,,,,,,,,,,,,,,,,,,,,,,,,,,
2016-08-01,168.0,,,,,151.0,,,,,,,,,,,,,,,,,,,,,,,,,,,,,,,,,,,,,,,,,,,,,,,,,,,,,,,,,,
2016-09-01,170.0,,,,,156.0,,,,,,,,,,,,,,,,,,,,,,,,,,,,,,,,,,,,,,,,,,,,,,,,,,,,,,,,,,
2016-10-01,169.0,,,,,161.0,,,,,,,,,,,,,,,,,,,,,,,,,,,,,,,,,,,,,,,,,,,,,,,,,,,,,,,,,,
2016-11-01,170.0,,,,,178.0,,,,,,,,,,,,,,,,,,,,,,,,,,,,,,,,,,,,,,,,,,,,,,,,,,,,,,,,,,
2016-12-01,157.0,,,,,156.0,,,,,,,,,,,,,,,,,,,,,,,,,,,,,,,,,,,,,,,,,,,,,,,,,,,,,,,,,,
2017-01-01,168.0,,,,,227.0,,,,,,,,,,,,,,,,,,,,,,,,,,,,,,,,,,,,,,,,,,,,,,,,,,,,,,,,,,
2017-02-01,181.0,,,,,235.0,,,,,,,,,,,,,,,,,,,,,,,,,,,,,,,,,,,,,,,,,,,,,,,,,,,,,,,,,,
2017-03-01,186.0,,,,,98.0,,,,,,,,,,,,,,,,,,,,,,,,,,,,,,,,,,,,,,,,,,,,,,,,,,,,,,,,,,
2017-04-01,190.0,,,,,211.0,,,,,,,,,,,,,,,,,,,,,,,,,,,,,,,,,,,,,,,,,,,,,,,,,,,,,,,,,,
2017-05-01,182.0,,,,,138.0,,,,,,,,,,,,,,,,,,,,,,,,,,,,,,,,,,,,,,,,,,,,,,,,,,,,,,,,,,
2017-06-01,177.0,,,,,222.0,,,,,,,,,,,,,,,,,,,,,,,,,,,,,,,,,,,,,,,,,,,,,,,,,,,,,,,,,,
2017-07-01,180.0,,,,,209.0,,,,,,,,,,,,,,,,,,,,,,,,,,,,,,,,,,,,,,,,,,,,,,,,,,,,,,,,,,
2017-08-01,182.0,,,,,156.0,,,,,,,,,,,,,,,,,,,,,,,,,,,,,,,,,,,,,,,,,,,,,,,,,,,,,,,,,,
2017-09-01,125.0,,,,,-33.0,,,,,,,,,,,,,,,,,,,,,,,,,,,,,,,,,,,,,,,,,,,,,,,,,,,,,,,,,,
2017-10-01,287.0,,,,,261.0,,,,,,,,,,,,,,,,,,,,,,,,,,,,,,,,,,,,,,,,,,,,,,,,,,,,,,,,,,
2017-11-01,193.0,,,,,228.0,,,,,,,,,,,,,,,,,,,,,,,,,,,,,,,,,,,,,,,,,,,,,,,,,,,,,,,,,,
2017-12-01,181.0,,,,,148.0,,,,,,,,,,,,,,,,,,,,,,,,,,,,,,,,,,,,,,,,,,,,,,,,,,,,,,,,,,
2018-01-01,166.0,,,,,200.0,,,,,,,,,,,,,,,,,,,,,,,,,,,,,,,,,,,,,,,,,,,,,,,,,,,,,,,,,,
2018-02-01,178.0,,,,,313.0,,,,,,,,,,,,,,,,,,,,,,,,,,,,,,,,,,,,,,,,,,,,,,,,,,,,,,,,,,
2018-03-01,199.0,,,,,103.0,,,,,,,,,,,,,,,,,,,,,,,,,,,,,,,,,,,,,,,,,,,,,,,,,,,,,,,,,,
2018-04-01,200.0,,,,,164.0,,,,,,,,,,,,,,,,,,,,,,,,,,,,,,,,,,,,,,,,,,,,,,,,,,,,,,,,,,
2018-05-01,183.0,,,,,223.0,,,,,,,,,,,,,,,,,,,,,,,,,,,,,,,,,,,,,,,,,,,,,,,,,,,,,,,,,,
2018-06-01,179.0,,,,,213.0,,,,,,,,,,,,,,,,,,,,,,,,,,,,,,,,,,,,,,,,,,,,,,,,,,,,,,,,,,
2018-07-01,189.0,,,,,157.0,,,,,,,,,,,,,,,,,,,,,,,,,,,,,,,,,,,,,,,,,,,,,,,,,,,,,,,,,,
2018-08-01,182.0,,,,,201.0,,,,,,,,,,,,,,,,,,,,,,,,,,,,,,,,,,,,,,,,,,,,,,,,,,,,,,,,,,
2018-09-01,183.0,,,,,134.0,,,,,,,,,,,,,,,,,,,,,,,,,,,,,,,,,,,,,,,,,,,,,,,,,,,,,,,,,,
2018-10-01,181.0,,,,,249.0,,,,,,,,,,,,,,,,,,,,,,,,,,,,,,,,,,,,,,,,,,,,,,,,,,,,,,,,,,
2018-11-01,201.0,,,,,155.0,,,,,,,,,,,,,,,,,,,,,,,,,,,,,,,,,,,,,,,,,,,,,,,,,,,,,,,,,,
2018-12-01,175.0,,,,,312.0,,,,,,,,,,,,,,,,,,,,,,,,,,,,,,,,,,,,,,,,,,,,,,,,,,,,,,,,,,
2019-01-01,177.0,,,,,304.0,,,,,,,,,,,,,,,,,,,,,,,,,,,,,,,,,,,,,,,,,,,,,,,,,,,,,,,,,,
2019-02-01,176.0,,,,,20.0,,,,,,,,,,,,,,,,,,,,,,,,,,,,,,,,,,,,,,,,,,,,,,,,,,,,,,,,,,
2019-03-01,178.0,,,,,196.0,,,,,,,,,,,,,,,,,,,,,,,,,,,,,,,,,,,,,,,,,,,,,,,,,,,,,,,,,,
2019-04-01,180.0,,,,,263.0,,,,,,,,,,,,,,,,,,,,,,,,,,,,,,,,,,,,,,,,,,,,,,,,,,,,,,,,,,
2019-05-01,194.0,,,,,75.0,,,,,,,,,,,,,,,,,,,,,,,,,,,,,,,,,,,,,,,,,,,,,,,,,,,,,,,,,,
2019-06-01,152.0,,,,,224.0,,,,,,,,,,,,,,,,,,,,,,,,,,,,,,,,,,,,,,,,,,,,,,,,,,,,,,,,,,
2019-07-01,149.0,,,,,164.0,,,,,,,,,,,,,,,,,,,,,,,,,,,,,,,,,,,,,,,,,,,,,,,,,,,,,,,,,,
2019-08-01,157.0,,,,,130.0,,,,,,,,,,,,,,,,,,,,,,,,,,,,,,,,,,,,,,,,,,,,,,,,,,,,,,,,,,
2019-09-01,159.0,,,,,136.0,,,,,,,,,,,,,,,,,,,,,,,,,,,,,,,,,,,,,,,,,,,,,,,,,,,,,,,,,,
2019-10-01,119.0,,,,,128.0,,,,,,,,,,,,,,,,,,,,,,,,,,,,,,,,,,,,,,,,,,,,,,,,,,,,,,,,,,
2019-11-01,168.0,,,,,266.0,,,,,,,,,,,,,,,,,,,,,,,,,,,,,,,,,,,,,,,,,,,,,,,,,,,,,,,,,,
2019-12-01,165.0,,,,,145.0,,,,,,,,,,,,,,,,,,,,,,,,,,,,,,,,,,,,,,,,,,,,,,,,,,,,,,,,,,
2020-01-01,161.0,,,,,225.0,,,,,,,,,,,,,,,,,,,,,,,,,,,,,,,,,,,,,,,,,,,,,,,,,,,,,,,,,,
2020-02-01,169.0,,,,,273.0,,,,,,,,,,,,,,,,,,,,,,,,,,,,,,,,,,,,,,,,,,,,,,,,,,,,,,,,,,
2020-03-01,-284.0,,,,,-537.14,,,,,,,,,,,,,,,,,,,,,,,,,,,,,,,,,,,,,,,,,,,,,,,,,,,,,,,,,,
2020-04-01,-525.48,,,,,-537.14,,,,,,,,,,,,,,,,,,,,,,,,,,,,,,,,,,,,,,,,,,,,,,,,,,,,,,,,,,
2020-05-01,-525.48,,,,,1012.6899999999998,,,,,,,,,,,,,,,,,,,,,,,,,,,,,,,,,,,,,,,,,,,,,,,,,,,,,,,,,,
2020-06-01,2905.0,,,,,4800.0,,,,,,,,,,,,,,,,,,,,,,,,,,,,,,,,,,,,,,,,,,,,,,,,,,,,,,,,,,
2020-07-01,2261.0,,,,,1763.0,,,,,,,,,,,,,,,,,,,,,,,,,,,,,,,,,,,,,,,,,,,,,,,,,,,,,,,,,,
2020-08-01,1381.0,,,,,1371.0,,,,,,,,,,,,,,,,,,,,,,,,,,,,,,,,,,,,,,,,,,,,,,,,,,,,,,,,,,
2020-09-01,777.0,,,,,661.0,,,,,,,,,,,,,,,,,,,,,,,,,,,,,,,,,,,,,,,,,,,,,,,,,,,,,,,,,,
2020-10-01,633.0,,,,,638.0,,,,,,,,,,,,,,,,,,,,,,,,,,,,,,,,,,,,,,,,,,,,,,,,,,,,,,,,,,
2020-11-01,565.0,,,,,245.0,,,,,,,,,,,,,,,,,,,,,,,,,,,,,,,,,,,,,,,,,,,,,,,,,,,,,,,,,,
2020-12-01,105.0,,,,,-140.0,,,,,,,,,,,,,,,,,,,,,,,,,,,,,,,,,,,,,,,,,,,,,,,,,,,,,,,,,,
2021-01-01,100.0,,,,,49.0,,,-241.70106340247264,-101.70106340247266,-1.0,0.0086905149639002,0.9826189700721996,0.0173810299278004,-36.224999999999994,-106.42316180467606,33.576838195323944,1.0,0.6622069478034973,0.3244138956069946,0.6755861043930054,33.576838195323944,351.6227146263435,491.6227146263435,1.0,0.991422326810175,0.98284465362035,0.0171553463796501,57.49247185469351,197.49247185469352,1.0,0.8708100225750952,0.7416200451501904,0.2583799548498096,-42.50752814530649,-141.31506849315068,-1.3150684931506835,-1.0,0.0,1.0,0.0,0.0,-0.0,0.0027472527472509,364.00000000023664,-1.3150684931506835,1.0,0.0,123.93517855614755,232.0392032193384,491.6227146263435,-16.06482144385247,232.03920321933836,0.5066259624305335,0.47341117520638937,0.806299512889947,1.0,1.0,0.0,133.77100051610964,-15.051896649994179,42.50752814530649,0.16187494804958605,0.6755861043930054
2021-02-01,129.0,,,,,379.0,,,-32.95823490049189,-81.95823490049189,-1.0,0.1405340574539829,0.7189318850920341,0.2810681149079659,-39.9,65.48771977424622,16.487719774246216,1.0,0.5723145604133606,0.1446291208267212,0.8553708791732788,16.487719774246216,351.92080366611276,302.92080366611276,1.0,0.9344533762843484,0.8689067525686971,0.1310932474313029,113.00320890455517,64.00320890455517,1.0,0.6367837333435691,0.2735674666871381,0.7264325333128618,-15.99679109544483,48.204918032786885,-0.7950819672131135,-1.0,0.0,1.0,0.0,0.0,-0.0,0.002739726027398,364.999999999898,-0.7950819672131135,1.0,0.0,60.13168309544183,145.57468599574878,302.92080366611276,109.13168309544183,145.57468599574878,0.4568171454990521,0.3816349337902317,0.6012070450349181,1.0,1.0,0.0,74.31258948013875,-13.136357107066203,39.9,0.3327840834754679,0.8553708791732788
2021-03-01,468.0,,,,,916.0,,,322.1111995200581,-56.888800479941885,-1.0,0.2589457606782123,0.4821084786435753,0.5178915213564247,-41.3,343.2250508069992,-35.77494919300079,-1.0,0.3484112322330475,0.303177535533905,0.696822464466095,-35.77494919300079,405.6460926360228,26.646092636022782,1.0,0.5562149124062283,0.1124298248124566,0.8875701751875433,519.6988332372,140.6988332372,1.0,0.7671634173341687,0.5343268346683374,0.4656731653316626,51.69883323720004,379.10626702997274,0.1062670299727532,1.0,1.0,1.0,0.0,0.0,-0.0,0.0027322404371362,366.000000002974,0.1062670299727532,1.0,0.0,14.957488646050573,77.30416789634202,140.6988332372,393.9574886460506,77.30416789634204,0.5861470645303314,0.3035276449973933,0.4864085347316548,1.0,1.0,0.0,16.45057926575383,-8.45870531860025,51.69883323720004,0.4284482611298103,0.8875701751875433
2021-04-01,925.0,,,,,266.0,,,871.9489149764224,-44.051085023577585,-1.0,0.3133428600695865,0.373314279860827,0.626685720139173,-41.3,862.5364617109299,-53.46353828907013,-1.0,0.2734595835208893,0.4530808329582214,0.5469191670417786,-41.3,616.7852473712044,-299.2147526287956,-1.0,0.0733918249665399,0.8532163500669202,0.1467836499330798,1057.0,141.0,1.0,0.7676190007093487,0.5352380014186975,0.4647619985813025,132.0,917.5652173913044,1.565217391304349,1.0,1.0,1.0,0.0,0.0,-0.0,0.0027247956403263,367.0000000000843,1.565217391304349,1.0,0.0,-50.8328317100278,159.1319281414282,299.2147526287956,865.1671682899721,159.1319281414282,0.48556265385327285,0.38364492956143004,0.6429698928609332,1.0,-1.0,0.0,-68.0994085437525,16.46666666666667,132.0,0.29797922188927667,0.626685720139173
2021-05-01,628.0,,,,,559.0,,,249.5134454941593,-16.486554505840704,-1.0,0.4363453493982984,0.1273093012034031,0.8726906987965969,-16.486554505840704,239.245391279459,-26.754608720541,-1.0,0.3967003524303436,0.2065992951393127,0.7934007048606873,-26.754608720541,386.97735197405495,120.97735197405495,1.0,0.7179241762725739,0.4358483525451477,0.5641516474548522,657.7658907825664,391.7658907825664,1.0,0.9537005315661906,0.9074010631323812,0.0925989368676187,29.76589078256639,265.79945799457994,-0.2005420054200529,-1.0,0.0,1.0,0.0,0.0,-0.0,0.0027173913043486,367.9999999998856,-0.2005420054200529,1.0,0.0,93.86030750496391,176.81551263325244,391.7658907825664,359.86030750496394,176.81551263325247,0.5009340819334813,0.35987966326727583,0.535431602404049,1.0,-1.0,0.0,149.5577199807963,-4.49175748127177,29.76589078256639,0.38759322988068395,0.8726906987965969
2021-06-01,514.0,850.0,245.07064772490196,,,850.0,245.07064772490196,622.070647724902,620.5021242721507,61.50212427215067,1.0,0.7142931159308386,0.4285862318616771,0.5714137681383229,50.224999999999994,529.5484347343445,-29.45156526565552,-1.0,0.3973813056945801,0.2052373886108398,0.7947626113891602,-29.45156526565552,469.7825132287936,-89.21748677120638,-1.0,0.3493893091989667,0.3012213816020664,0.6987786183979335,500.2015119563968,-58.79848804360324,-1.0,0.3989731323526547,0.2020537352946905,0.7979462647053095,-13.79848804360325,560.3116531165311,1.3116531165311665,1.0,1.0,1.0,0.0,0.0,-0.0,0.0027173913043536,367.999999999209,1.3116531165311665,1.0,0.0,-22.930752538356664,57.96453981226307,89.21748677120638,536.0692474616433,57.96453981226307,0.572007372635408,0.2799182182161529,0.4274197474738548,1.0,-1.0,0.0,-8.014891405563286,2.3249822302470746,50.224999999999994,0.47760310898917996,0.7979462647053095
2021-07-01,825.0,943.0,894.1253724773973,,,943.0,894.1253724773973,-353.87462752260274,709.8784032107185,-140.12159678928154,-1.0,0.0420862850023478,0.9158274299953042,0.0841725700046958,-53.55,757.9464921951294,-92.0535078048706,-1.0,0.1991715431213379,0.6016569137573242,0.3983430862426758,-53.55,591.1514313425092,-258.8485686574908,-1.0,0.155536549061266,0.688926901877468,0.311073098122532,904.1059107064513,54.10591070645114,1.0,0.5874983915797276,0.1749967831594552,0.8250032168405448,79.10591070645116,852.0945945945946,2.0945945945945956,1.0,1.0,1.0,0.0,0.0,-0.0,0.002710027100271,368.999999999998,2.0945945945945956,1.0,0.0,-86.96463359011943,122.70706082430893,258.8485686574908,763.0353664098806,122.70706082430895,0.3968585537529359,0.3947476975052954,0.6762816057579103,1.0,-1.0,0.0,-103.64812996221778,-9.331363097849612,79.10591070645116,0.2702169997184532,0.8250032168405448
2021-08-01,717.0,235.0,254.01752261797157,,,235.0,254.01752261797157,410.0175226179716,834.4622097025851,-108.5377902974148,-1.0,0.1453013388973372,0.7093973222053255,0.2906026777946745,-53.55,858.0468839108944,-84.9531160891056,-1.0,0.2223754376173019,0.5552491247653961,0.4447508752346039,-53.55,565.4281575703611,-377.5718424296389,-1.0,0.0781473088088877,0.8437053823822245,0.1562946176177755,712.8569819706814,-230.14301802931857,-1.0,0.1817995376200168,0.6364009247599662,0.3635990752400337,-4.143018029318527,945.3396226415094,2.339622641509435,1.0,1.0,1.0,0.0,0.0,-0.0,0.0027027027026877,370.0000000020405,2.339622641509435,1.0,0.0,-159.77322884079368,147.3871088005083,377.5718424296389,783.2267711592062,147.3871088005083,0.32552472458870874,0.3807524315421359,0.7489505508225826,1.0,-1.0,0.0,-156.7124993922099,-37.08100600977284,53.55,0.20965832476496257,0.4447508752346039
2021-09-01,453.0,194.0,209.49703549658955,,,194.0,209.49703549658955,613.4970354965895,286.9012826918357,51.90128269183574,1.0,0.6558597077832905,0.311719415566581,0.688280584433419,51.90128269183574,266.1127201318741,31.112720131874084,1.0,0.5934315919876099,0.1868631839752197,0.8131368160247803,31.112720131874084,273.35338155030496,38.35338155030496,1.0,0.5573343636883903,0.1146687273767805,0.8853312726232194,461.43762823900136,226.43762823900136,1.0,0.7957573825511678,0.5915147651023356,0.4084852348976644,8.437628239001333,235.43010752688173,0.4301075268817216,1.0,1.0,1.0,0.0,0.0,-0.0,0.0026954177897546,371.0000000003755,0.4301075268817216,1.0,0.0,69.64702402797958,89.6568054731827,226.43762823900136,304.64702402797957,89.6568054731827,0.7204766092020918,0.18078419002946788,0.4409532184041834,1.0,1.0,0.0,72.91553579928508,30.48387702090372,51.90128269183574,0.46632155429480626,0.8853312726232194
2021-10-01,401.0,531.0,-9.962729926618636,,,531.0,-9.962729926618636,809.0372700733814,233.33479705056436,39.334797050564354,1.0,0.6181225136653584,0.2362450273307168,0.7637549726692832,39.334797050564354,290.589994430542,96.589994430542,1.0,0.7900600433349609,0.5801200866699219,0.4198799133300781,58.275,403.20262786108344,209.20262786108344,1.0,0.7784182257084399,0.5568364514168798,0.4431635485831202,576.935814631714,382.9358146317141,1.0,0.908869982726975,0.8177399654539499,0.1822600345460501,175.935814631714,194.3190348525469,0.3190348525469181,1.0,1.0,1.0,0.0,0.0,-0.0,0.0026881720430103,372.0000000000618,0.3190348525469181,1.0,0.0,145.67645376529015,154.25173158657103,382.9358146317141,339.67645376529015,154.251731586571,0.8190941530871468,0.14463206377207413,0.6381883061742937,1.0,1.0,0.0,155.21407865323835,91.18187056075946,175.935814631714,0.3019577735285903,0.7637549726692832
2021-11-01,507.0,210.0,159.88043894643295,,,210.0,159.88043894643295,431.88043894643295,429.93662251010727,-101.06337748989272,-1.0,0.2223533585442507,0.5552932829114985,0.4447067170885015,-63.7,417.8486331105232,-113.15136688947678,-1.0,0.1891445964574813,0.6217108070850372,0.3782891929149627,-63.7,433.95904533059854,-97.04095466940146,-1.0,0.3697726992550772,0.2604546014898455,0.7395453985101544,541.95986095212,10.95986095212004,1.0,0.5150502062455398,0.0301004124910795,0.9698995875089204,34.95986095212001,532.2192513368984,1.219251336898397,1.0,1.0,1.0,0.0,0.0,-0.0,0.0026809651474551,372.9999999997063,1.219251336898397,1.0,0.0,-59.8153173519505,60.552103923212165,113.15136688947678,471.18468264804943,60.55210392321217,0.4592641721004698,0.32886447041953343,0.49351182079549216,1.0,-1.0,0.0,-60.86697480203548,-30.813379682626664,63.7,0.422520310194999,0.9698995875089204
2021-12-01,399.0,199.0,623.633143540965,,,199.0,623.633143540965,295.6331435409649,230.3320467749697,20.332046774969708,1.0,0.5539311585542963,0.1078623171085926,0.8921376828914074,20.332046774969708,234.637622654438,24.63762265443802,1.0,0.5653517842292786,0.1307035684585571,0.8692964315414429,24.63762265443802,181.7062739844497,-28.293726015550305,-1.0,0.4625454583615498,0.0749090832769003,0.9250909167230996,405.8164096195612,195.81640961956117,1.0,0.7386210716767118,0.4772421433534235,0.5227578566465765,6.816409619561185,210.36,0.3600000000000012,1.0,1.0,1.0,0.0,0.0,-0.0,0.0026737967914443,373.9999999999364,0.3600000000000012,1.0,0.0,42.57047060668372,88.18150393632473,195.81640961956117,252.57047060668373,88.18150393632476,0.6640898945643673,0.2126586564260445,0.3581434224394947,1.0,1.0,0.0,54.227254638291065,17.262026349656306,24.63762265443802,0.5353261140989951,0.9250909167230996
2022-01-01,250.0,467.0,891.5611187667182,,,467.0,891.5611187667182,-2165.438881233282,170.80976512494038,-28.190234875059623,-1.0,0.4252248411802132,0.1495503176395736,0.8504496823604264,-28.190234875059623,257.4936383962631,58.49363839626312,1.0,0.6551555395126343,0.3103110790252685,0.6896889209747314,58.49363839626312,192.12817928751025,-6.87182071248975,-1.0,0.4908871886384998,0.0182256227230004,0.9817743772769996,191.1994877107999,-7.8005122892001,-1.0,0.4896559690985023,0.0206880618029953,0.9793119381970048,-58.80051228920011,199.32978723404256,0.3297872340425544,1.0,1.0,1.0,0.0,0.0,-0.0,0.002666666666672,374.99999999924506,0.3297872340425544,1.0,0.0,3.1921715507112407,32.68571534553078,58.49363839626312,202.19217155071124,32.68571534553078,0.6121847076859699,0.2328774167514155,0.2997550162381676,1.0,-1.0,0.0,9.326637588499963,-9.499036255998869,58.80051228920011,0.5839819309126391,0.9817743772769996
2022-02-01,392.0,678.0,241.80235939448403,,,678.0,241.80235939448403,849.802359394484,359.87883440553674,-107.12116559446324,-1.0,0.2655992000121154,0.4688015999757691,0.5311984000242309,-79.975,353.7285454273224,-113.2714545726776,-1.0,0.2521412372589111,0.4957175254821777,0.5042824745178223,-79.975,301.92738727610777,-165.07261272389223,-1.0,0.3268606492189943,0.3462787015620113,0.6537212984379887,363.1322442403849,-103.86775575961508,-1.0,0.3882763066151222,0.2234473867697555,0.7765526132302445,-28.867755759615072,468.0397877984085,1.0397877984084891,1.0,1.0,1.0,0.0,0.0,-0.0,0.0026595744680935,375.9999999988125,1.0397877984084891,1.0,0.0,-97.65864017044792,60.53485743007562,165.07261272389223,369.34135982955206,60.534857430075625,0.44657547862102864,0.3140725323599905,0.5068490427579426,1.0,-1.0,0.0,-73.27607398574816,-62.93925191987169,79.975,0.4114023934463966,0.7765526132302445
2022-03-01,430.0,431.0,143.86167743883937,,,431.0,143.86167743883937,705.8616774388394,527.2086824329651,-150.79131756703487,-1.0,0.1230217060824128,0.7539565878351744,0.2460434121648256,-70.0,565.7909719944,-112.20902800559998,-1.0,0.219477429986,0.5610451400279999,0.4389548599720001,-70.0,350.386648348761,-327.613351651239,-1.0,0.1627282907898008,0.6745434184203983,0.3254565815796016,399.385609122106,-278.614390877894,-1.0,0.1989177896540118,0.6021644206919763,0.3978355793080237,-30.614390877893985,679.5952380952381,1.5952380952380965,1.0,1.0,1.0,0.0,0.0,-0.0,0.002652519893915,376.99999999775247,1.5952380952380965,1.0,0.0,-173.52657000130594,132.03272956588452,327.613351651239,504.4734299986941,132.03272956588452,0.3408290433024451,0.37031448874996603,0.7183419133951098,1.0,-1.0,0.0,-156.9754714047694,-56.87146362596466,70.0,0.23515715881972765,0.4389548599720001
2022-04-01,416.0,428.0,77.97165325813307,,,428.0,77.97165325813307,911.9716532581332,358.32437562981124,-72.67562437018877,-1.0,0.3413195974450027,0.3173608051099946,0.6826391948900054,-72.67562437018877,354.78237771987915,-76.21762228012085,-1.0,0.3335859775543213,0.3328280448913574,0.6671719551086426,-76.21762228012085,245.86044131804417,-185.13955868195583,-1.0,0.3082166916221008,0.3835666167557983,0.6164333832442017,332.891081952859,-98.108918047141,-1.0,0.3945029141654789,0.2109941716690422,0.7890058283309578,-83.10891804714099,431.9393139841689,0.9393139841688668,1.0,1.0,1.0,0.0,0.0,-0.0,0.0026455026454814,378.00000000302595,0.9393139841688668,1.0,0.0,-86.24048187904751,66.72081206428618,185.13955868195583,344.7595181209525,66.72081206428619,0.47552503615738073,0.29486795783792275,0.4489499276852385,1.0,-1.0,0.0,-62.01413491848762,-77.3340548991502,83.10891804714099,0.45964931070321474,0.7890058283309578
2022-05-01,353.0,390.0,137.09586537106043,,,390.0,137.09586537106043,765.0958653710604,354.5300834125933,-73.46991658740674,-1.0,0.339585334961994,0.320829330076012,0.679170669923988,-73.46991658740674,373.724204480648,-54.27579551935196,-1.0,0.3814938962459564,0.2370122075080871,0.7629877924919128,-54.27579551935196,210.5856324800995,-217.4143675199005,-1.0,0.2790039501836817,0.4419920996326366,0.5580079003673634,346.3530668726998,-81.6469331273002,-1.0,0.4117981604902591,0.1764036790194818,0.8235963209805182,-6.646933127300188,428.92894736842106,0.928947368421054,1.0,1.0,1.0,0.0,0.0,-0.0,0.0026385224274254,379.00000000217943,0.928947368421054,1.0,0.0,-85.17561307710767,80.63088295389478,217.4143675199005,342.82438692289236,80.6308829538948,0.4823762683763782,0.2936164165760454,0.43524746324724345,1.0,-1.0,0.0,-67.09040137617247,-44.79754841135297,73.46991658740674,0.4710668676985346,0.8235963209805182
2022-06-01,278.0,372.0,417.8451677517288,,,372.0,417.8451677517288,720.8451677517288,399.37403523898973,9.37403523898972,1.0,0.5204673258493225,0.040934651698645,0.9590653483013548,9.37403523898972,299.2364718914032,-90.7635281085968,-1.0,0.3018263578414917,0.3963472843170166,0.6036527156829834,-80.14999999999999,205.5262724650931,-184.4737275349069,-1.0,0.308836984495633,0.3823260310087338,0.6176739689912661,193.8995989882634,-196.1004010117366,-1.0,0.298105924390705,0.40378815121859,0.59621184878141,-84.1004010117366,390.8267716535433,0.8267716535433083,1.0,1.0,1.0,0.0,0.0,-0.0,0.0026315789473692,379.9999999998866,0.8267716535433083,1.0,0.0,-92.22736995254147,97.83028507129222,196.1004010117366,297.77263004745856,97.83028507129222,0.48584731851543045,0.30248749072094994,0.4446792236485971,1.0,-1.0,0.0,-82.97015016701202,-51.62545525758228,84.1004010117366,0.46320591011739726,0.9590653483013548
2022-07-01,261.0,528.0,448.8542720697135,,,528.0,448.8542720697135,-774.1457279302865,381.5928380765112,9.592838076511166,1.0,0.5209450613024261,0.0418901226048522,0.9581098773951476,9.592838076511166,247.40027046203613,-124.59972953796388,-1.0,0.2279481887817382,0.5441036224365234,0.4558963775634765,-80.14999999999999,204.5675160735617,-167.4324839264383,-1.0,0.3249432481782808,0.3501135036434384,0.6498864963565616,225.8919292906214,-146.1080707093786,-1.0,0.3456927857251897,0.3086144285496206,0.6913855714503794,-35.10807070937861,372.7774869109947,0.7774869109947656,1.0,1.0,1.0,0.0,0.0,-0.0,0.0026246719160101,381.0000000000544,0.7774869109947656,1.0,0.0,-85.55399183725497,84.26371851654339,167.4324839264383,286.446008162745,84.26371851654338,0.483905856797527,0.3072504512155409,0.448944335446887,1.0,-1.0,0.0,-75.87901260506769,-35.22174421095581,80.14999999999999,0.4596504991135959,0.9581098773951476
2022-08-01,282.0,315.0,225.9282785816453,,,315.0,225.9282785816453,358.92827858164526,354.5557792802415,-173.4442207197585,-1.0,0.121300828122798,0.757398343754404,0.242601656245596,-80.14999999999999,358.685808211565,-169.31419178843498,-1.0,0.1303183585405349,0.73936328291893,0.2606367170810699,-80.14999999999999,253.72679589278528,-274.2732041072147,-1.0,0.2318847009729585,0.5362305980540829,0.4637694019459171,244.79288146458603,-283.207118535414,-1.0,0.2250087745204123,0.5499824509591753,0.4500175490408247,-37.207118535413976,527.4704301075269,-0.529569892473117,-1.0,0.0,1.0,0.0,0.0,-0.0,0.0161725067385725,61.833333333226136,-0.529569892473117,1.0,0.0,-180.15366100865907,113.91425316063606,283.207118535414,347.846338991341,113.91425316063606,0.14170253243134073,0.09446982341625848,0.7165949351373184,1.0,-1.0,0.0,-156.27050487801003,-65.83570617847131,80.14999999999999,0.23886630517533003,0.4637694019459171
2022-09-01,263.0,263.0,182.46597164485536,,,263.0,182.46597164485536,635.4659716448554,362.1745442071519,47.174544207151904,1.0,0.6025533569720694,0.2051067139441387,0.7948932860558613,47.174544207151904,228.12944531440735,-86.87055468559265,-1.0,0.3111509680747986,0.3776980638504028,0.6223019361495972,-80.5,233.4874080114883,-81.5125919885117,-1.0,0.412315217081128,0.175369565837744,0.824630434162256,230.68824560345791,-84.31175439654209,-1.0,0.409369401831661,0.1812611963366779,0.8187388036633221,-32.31175439654209,315.0295698924731,0.0295698924731195,1.0,1.0,1.0,0.0,0.0,-0.0,0.0161725067386493,61.8333333329324,0.0295698924731195,1.0,0.0,-41.09815739420428,61.399132003286674,86.87055468559265,273.9018426057957,61.39913200328666,0.5470777887919314,0.2743182838317192,0.38788710799379267,1.0,-1.0,0.0,-27.163951016945507,-21.87907006313006,80.5,0.5127894944616144,0.824630434162256
2022-10-01,198.0,261.0,-253.32595680357903,,,261.0,-253.32595680357903,565.6740431964209,293.3233306066117,30.32333060661172,1.0,0.5659202839274168,0.1318405678548335,0.8681594321451664,30.32333060661172,215.2646951675415,-47.735304832458496,-1.0,0.3962275981903076,0.2075448036193847,0.7924551963806152,-47.735304832458496,252.1817639684988,-10.818236031501216,-1.0,0.4882432152391201,0.0235135695217597,0.9764864304782402,277.6855829475802,14.6855829475802,1.0,0.5159571692552788,0.0319143385105575,0.9680856614894424,79.68558294758023,212.57142857142856,-50.42857142857143,-1.0,0.0,1.0,0.0,0.0,-0.0,0.32287679508666,3.097156609633716,-50.42857142857143,1.0,0.0,-12.794639747667844,36.24703804737934,50.42857142857143,250.20536025233213,36.24703804737934,0.3932696533224247,0.22833649179412918,0.2789626559013071,1.0,-1.0,0.0,-40.23738250382965,20.75786957391115,79.68558294758023,0.6546772525966874,0.9764864304782402
2022-11-01,200.0,263.0,40.010337473792106,,,263.0,40.010337473792106,344.0103374737921,315.9775724676837,54.97757246768367,1.0,0.6195164618862689,0.2390329237725377,0.7609670762274623,54.97757246768367,193.27346003055573,-67.72653996944427,-1.0,0.3527683913707733,0.2944632172584533,0.7055367827415466,-67.72653996944427,252.13920221965577,-8.860797780344228,-1.0,0.4903698891128802,0.0192602217742394,0.9807397782257604,252.4697154377704,-8.53028456222961,-1.0,0.4907290142515298,0.0185419714969403,0.9814580285030596,52.4697154377704,244.55619565217393,-16.44380434782608,-1.0,0.0,1.0,0.0,0.0,-0.0,0.2778130242146063,3.5995432641326253,-16.44380434782608,1.0,0.0,-9.316770838432104,43.58062869509571,67.72653996944427,251.6832291615679,43.58062869509571,0.39067675132429047,0.23789817041580685,0.31425966686043416,1.0,-1.0,0.0,-15.002980669596498,13.240249312003264,67.72653996944427,0.6177524483187392,0.9814580285030596
2022-12-01,201.0,223.0,476.8754203269564,,,223.0,476.8754203269564,156.87542032695634,261.34234137679096,-1.6576586232090684,-1.0,0.4963963942973716,0.0072072114052568,0.9927927885947432,-1.6576586232090684,182.2868322134018,-80.7131677865982,-1.0,0.3245365917682647,0.3509268164634704,0.6490731835365295,-80.5,210.6080914497228,-52.39190855027721,-1.0,0.4432972475329089,0.1134055049341821,0.8865944950658179,201.6887897213811,-61.31121027861886,-1.0,0.4337492302711808,0.1325015394576383,0.8674984605423617,0.6887897213811278,262.06382978723406,-0.9361702127659562,-1.0,0.0,1.0,0.0,0.0,-0.0,0.0160000000000153,62.499999999940094,-0.9361702127659562,1.0,0.0,-39.40202309029386,36.261615967353485,80.7131677865982,223.59797690970612,36.2616159673535,0.3395958927739452,0.19984830006433843,0.3208082144521095,1.0,-1.0,0.0,-27.017944657362367,-27.15628963394265,80.5,0.5686598212899113,0.9927927885947432
2023-01-01,175.0,517.0,683.420120188166,,,517.0,683.420120188166,-2456.579879811834,332.6711938269435,109.67119382694356,1.0,0.7384156387542251,0.4768312775084502,0.5231687224915498,80.5,184.33276402950287,-38.66723597049713,-1.0,0.4159407913684845,0.168118417263031,0.831881582736969,-38.66723597049713,214.2861699905544,-8.713830009445587,-1.0,0.4905295784078211,0.0189408431843578,0.9810591568156422,180.93428455372785,-42.06571544627218,-1.0,0.4544034272914294,0.0911931454171411,0.9088068545828588,5.934284553727831,221.9602122015915,-1.039787798408487,-1.0,0.0,1.0,0.0,0.0,-0.0,0.0159574468085179,62.66666666663791,-1.039787798408487,1.0,0.0,3.8369249204640363,61.838200848878024,109.67119382694356,226.836924920464,61.83820084887801,0.419857887164392,0.2664408529286879,0.35101673667459604,1.0,-1.0,0.0,23.21999876201978,15.922349527743565,80.5,0.5434789605725897,0.9810591568156422
2023-02-01,188.0,311.0,118.59304769508856,,,311.0,118.59304769508856,742.5930476950886,320.8484220234436,-196.1515779765564,-1.0,0.1191231495600846,0.7617537008798307,0.2382462991201692,-90.125,326.5026572048664,-190.4973427951336,-1.0,0.1301022469997406,0.7397955060005188,0.2602044939994812,-90.125,380.5794179688112,-136.4205820311888,-1.0,0.3705661791958617,0.2588676416082764,0.7411323583917235,148.62816251926378,-368.3718374807362,-1.0,0.1930098493738083,0.6139803012523835,0.3860196987476165,-39.371837480736225,517.4538461538461,0.453846153846155,1.0,1.0,1.0,0.0,0.0,-0.0,0.0025706940873788,389.00000000374257,0.453846153846155,1.0,0.0,-178.19749882595377,132.57217660822005,368.3718374807362,338.8025011740462,132.57217660822005,0.362560285025899,0.3702834094191602,0.6748794299482019,1.0,-1.0,0.0,-163.4017348956606,-73.2072791602454,90.125,0.27136225739106157,0.7411323583917235
2023-03-01,225.0,236.0,-146.2752258768992,,,236.0,-146.2752258768992,381.7247741231008,375.19750290134,64.19750290134003,1.0,0.6246553454394952,0.2493106908789903,0.7506893091210096,64.19750290134003,222.4817351102829,-88.5182648897171,-1.0,0.3281198740005493,0.3437602519989013,0.6562397480010986,-88.5182648897171,299.3472422911704,-11.652757708829595,-1.0,0.4886885732987917,0.0226228534024166,0.9773771465975832,273.0576822632361,-37.942317736763925,-1.0,0.4632293036897704,0.0735413926204591,0.9264586073795408,48.05768226323609,309.84061696658097,-1.159383033419022,-1.0,0.0,1.0,0.0,0.0,-0.0,0.0051546391752567,194.00000000003828,-1.159383033419022,1.0,0.0,-15.015044093477922,55.69177510792027,88.5182648897171,295.98495590652203,55.69177510792026,0.38093861928572126,0.2375308945450206,0.33784703778015346,1.0,-1.0,0.0,-11.032963269308105,7.912306758286339,88.5182648897171,0.5526532417124148,0.9773771465975832
2023-04-01,177.0,253.0,-15.063284844083796,,,253.0,-15.063284844083796,807.9367151559162,243.82166075205268,7.821660752052684,1.0,0.5170036103305493,0.0340072206610986,0.9659927793389014,7.821660752052684,203.70070850849152,-32.299291491508484,-1.0,0.4297841489315033,0.1404317021369934,0.8595682978630066,-32.299291491508484,268.65038551589333,32.65038551589333,1.0,0.5354300701666573,0.0708601403333146,0.9291398596666852,430.0,194.0,1.0,0.6991972718572298,0.3983945437144596,0.6016054562855404,253.0,236.13333333333333,0.1333333333333345,1.0,1.0,1.0,0.0,0.0,-0.0,0.0025706940874024,389.00000000018093,0.1333333333333345,1.0,0.0,40.46121762195417,88.91138482026949,194.0,276.4612176219542,88.9113848202695,0.636283020257188,0.22543786474371288,0.32873872136917326,1.0,1.0,0.0,45.912227108739984,76.17412308684807,253.0,0.5598128478735894,0.9659927793389014
2023-05-01,178.0,339.0,108.13039029682966,,,339.0,108.13039029682966,720.1303902968297,238.59366597744332,-14.406334022556663,-1.0,0.4686818825596594,0.0626362348806811,0.9373637651193188,-14.406334022556663,281.42180490493774,28.421804904937744,1.0,0.5617865324020386,0.1235730648040771,0.8764269351959229,28.421804904937744,266.10964199706615,13.109641997066149,1.0,0.5142457542478834,0.0284915084957668,0.9715084915042332,409.0444306081893,156.04443060818932,1.0,0.6633935692221661,0.3267871384443321,0.6732128615556678,231.04443060818932,252.840206185567,-0.1597938144329885,-1.0,0.0,1.0,0.0,0.0,-0.0,0.005167958656331,193.49999999998997,-0.1597938144329885,1.0,0.0,36.60194993464071,68.62685394603643,156.04443060818932,289.6019499346407,68.62685394603645,0.4416215476863495,0.2572248926381539,0.3082975893249714,1.0,1.0,0.0,34.91227015178576,81.68663383019013,231.04443060818932,0.5772800020052457,0.9715084915042332
2023-06-01,214.0,209.0,311.37699493202706,,,209.0,311.37699493202706,688.3769949320271,215.97881682740973,-123.02118317259028,-1.0,0.2098557000646456,0.5802885998707088,0.4197114001292912,-74.19999999999999,235.066698551178,-103.93330144882202,-1.0,0.2548742890357971,0.4902514219284057,0.5097485780715942,-74.19999999999999,275.99285349077996,-63.00714650922003,-1.0,0.4262412475557323,0.1475175048885353,0.8524824951114647,467.0,128.0,1.0,0.6465191676895805,0.293038335379161,0.706961664620839,253.0,339.0616966580977,0.0616966580976875,1.0,1.0,1.0,0.0,0.0,-0.0,0.0051546391752331,194.00000000092413,0.0616966580976875,1.0,0.0,-32.37998689450693,101.30144275935247,128.0,306.62001310549306,101.30144275935245,0.5074980808691512,0.32438304631240494,0.5022191724133622,1.0,-1.0,0.0,-37.45985720266084,34.866666666666674,253.0,0.41567646285140364,0.8524824951114647
2023-07-01,184.0,187.0,149.64281522623116,,,187.0,149.64281522623116,-1022.3571847737688,317.68650647609763,108.6865064760976,1.0,0.7606391042592269,0.5212782085184537,0.4787217914815462,72.975,238.31899517774585,29.31899517774582,1.0,0.5703093409538269,0.1406186819076538,0.8593813180923462,29.31899517774582,232.60409917376745,23.60409917376745,1.0,0.5282720883321053,0.0565441766642105,0.9434558233357896,345.4610174935431,136.46101749354312,1.0,0.6580214002132323,0.3160428004264646,0.6839571995735354,161.46101749354312,208.72820512820513,-0.2717948717948706,-1.0,0.0,1.0,0.0,0.0,-0.0,0.0051413881748321,194.49999999905728,-0.2717948717948706,1.0,0.0,59.55976468987183,59.4019549010751,136.46101749354312,268.5597646898718,59.4019549010751,0.5034483867516782,0.29520618351521566,0.4068967735033565,1.0,1.0,0.0,51.59495689216389,87.91833755709631,161.46101749354312,0.4951095867763416,0.9434558233357896
2023-08-01,164.0,187.0,205.10534285186293,,,187.0,205.10534285186293,282.10534285186293,265.18312799867977,78.18312799867974,1.0,0.6979319696169107,0.3958639392338214,0.6041360607661785,69.125,296.01824325323105,109.01824325323103,1.0,0.7759955525398254,0.5519911050796509,0.4480088949203491,69.125,226.431318813942,39.431318813942,1.0,0.5497479212303487,0.0994958424606973,0.9005041575393027,336.17637887251124,149.17637887251124,1.0,0.680337541424613,0.360675082849226,0.639324917150774,172.1763788725112,187.03598971722369,0.0359897172236515,1.0,1.0,1.0,0.0,0.0,-0.0,0.0051546391752617,193.99999999985027,0.0359897172236515,1.0,0.0,75.16901173111754,58.21103730113316,149.17637887251124,262.1690117311175,58.21103730113315,0.7408025969623396,0.16614574972969776,0.48160519392467915,1.0,1.0,0.0,61.83090559966099,103.47545962417041,172.1763788725112,0.4328547782586443,0.9005041575393027
2023-09-01,148.0,336.0,222.34558645702987,,,336.0,222.34558645702987,595.3455864570299,236.40837073216812,49.40837073216814,1.0,0.6432126687888932,0.2864253375777863,0.7135746624222137,49.40837073216814,237.77301502227783,50.77301502227783,1.0,0.6471681594848633,0.2943363189697265,0.7056636810302734,50.77301502227783,223.95404939283551,36.95404939283554,1.0,0.5533527065124214,0.1067054130248428,0.8932945869751572,171.39103563941106,-15.608964360588942,-1.0,0.4773937351454457,0.0452125297091084,0.9547874702908916,23.391035639411065,186.85166240409208,-0.1483375959079272,-1.0,0.0,1.0,0.0,0.0,-0.0,0.0076923076923105,129.99999999995168,-0.1483375959079272,1.0,0.0,24.275626638156925,30.338999029567837,50.77301502227783,211.27562663815692,30.33899902956783,0.4642254539863247,0.26885256157337023,0.34653591985629284,1.0,1.0,0.0,18.57544254964517,41.19080713128568,50.77301502227783,0.5458354514018077,0.9547874702908916
2023-10-01,164.0,150.0,-168.39532476510328,,,150.0,-168.39532476510328,742.6046752348967,242.88108681312357,-93.11891318687644,-1.0,0.1946920879118805,0.6106158241762388,0.3893841758237611,-53.375,229.0915500223637,-106.90844997763634,-1.0,0.1494804918766021,0.7010390162467957,0.2989609837532043,-53.375,251.95252822137084,-84.04747177862916,-1.0,0.3656020568763751,0.2687958862472498,0.7312041137527502,145.87230369559728,-190.12769630440272,-1.0,0.2232651453145169,0.5534697093709661,0.4465302906290339,-18.12769630440273,336.4168797953964,0.4168797953964206,1.0,1.0,1.0,0.0,0.0,-0.0,0.005128205128253,194.99999999817695,0.4168797953964206,1.0,0.0,-94.75713029042964,67.85770436822368,190.12769630440272,241.24286970957036,67.85770436822368,0.3866079563958749,0.35229002821139194,0.6267840872082501,1.0,-1.0,0.0,-82.71158681213254,-41.62589876813424,53.375,0.3118679615145004,0.7312041137527502
2023-11-01,173.0,164.0,-58.542406056791265,,,164.0,-58.542406056791265,252.4575939432087,251.70522288467208,101.70522288467208,1.0,0.79738369264524,0.59476738529048,0.40523261470952,59.849999999999994,254.1967853307724,104.1967853307724,1.0,0.8046689629554749,0.6093379259109497,0.3906620740890503,59.849999999999994,207.70144654119196,57.70144654119195,1.0,0.5835674069895902,0.1671348139791804,0.8328651860208196,188.0537854352885,38.05378543528846,1.0,0.5554057247357305,0.1108114494714609,0.8891885505285391,15.053785435288464,149.94132653061226,-0.0586734693877539,-1.0,0.0,1.0,0.0,0.0,-0.0,0.0051150895140423,195.5000000009217,-0.0586734693877539,1.0,0.0,60.31971334450742,44.11953735859877,104.1967853307724,210.31971334450745,44.11953735859876,0.5482051574652071,0.327755571063602,0.4964103149304142,1.0,1.0,0.0,55.51216023841962,44.91792847842948,59.849999999999994,0.4205105858103286,0.8891885505285391
2023-12-01,151.0,216.0,-210.4682146358315,,,216.0,-210.4682146358315,-576.4682146358315,231.55569425738713,67.55569425738713,1.0,0.7214940795324168,0.4429881590648337,0.5570118409351663,53.375,252.84548157453537,88.84548157453537,1.0,0.791296660900116,0.5825933218002319,0.417406678199768,53.375,225.4901579875149,61.49015798751486,1.0,0.5994596488285225,0.198919297657045,0.8010807023429549,183.71261902229588,19.712619022295883,1.0,0.5322708470862044,0.0645416941724088,0.9354583058275912,32.71261902229588,163.9770992366412,-0.0229007633587774,-1.0,0.0,1.0,0.0,0.0,-0.0,0.0051020408163232,196.0000000001256,-0.0229007633587774,1.0,0.0,47.51621041567489,36.530697926428594,88.84548157453537,211.51621041567486,36.5306979264286,0.528904247269452,0.3125178889620384,0.4578084945389039,1.0,1.0,0.0,41.57551557506191,46.48753967409863,53.375,0.45267659468696725,0.9354583058275912
2024-01-01,157.0,353.0,637.657642022667,,,353.0,637.657642022667,-2419.342357977333,189.03994339363976,-26.960056606360222,-1.0,0.4033689727370601,0.1932620545258797,0.8067379454741203,-26.960056606360222,192.4542796611786,-23.54572033882141,-1.0,0.4156067371368408,0.1687865257263183,0.8312134742736816,-23.54572033882141,253.72664698066663,37.72664698066663,1.0,0.5672013909505889,0.1344027819011777,0.8655972180988223,167.0735314955611,-48.9264685044389,-1.0,0.413206046195449,0.1735879076091019,0.8264120923908981,10.073531495561111,215.92658227848105,-0.0734177215189861,-1.0,0.0,1.0,0.0,0.0,-0.0,0.0076142131980095,131.3333333326426,-0.0734177215189861,1.0,0.0,-12.355803238094579,32.92043754676235,48.9264685044389,203.64419676190545,32.92043754676235,0.3598766294039878,0.21233005008321643,0.33400785395249555,1.0,-1.0,0.0,-7.592905868194196,-13.477415149873508,26.960056606360222,0.5562624905725886,0.8655972180988223
2024-02-01,184.0,275.0,15.940864037456777,,,275.0,15.940864037456777,794.9408640374568,257.78694619322954,-95.21305380677047,-1.0,0.1433968022218334,0.7132063955563331,0.2867936044436668,-46.724999999999994,255.31293308734897,-97.68706691265106,-1.0,0.1341308355331421,0.7317383289337158,0.2682616710662842,-46.724999999999994,266.0093426254082,-86.99065737459182,-1.0,0.3426256005259863,0.3147487989480274,0.6852512010519726,174.63560080504243,-178.36439919495757,-1.0,0.2081582562950099,0.5836834874099801,0.4163165125900199,-9.364399194957567,353.27272727272725,0.2727272727272739,1.0,1.0,1.0,0.0,0.0,-0.0,0.007594936708861,131.6666666666621,0.2727272727272739,1.0,0.0,-91.59649000324873,63.32458350324661,178.36439919495757,261.40350999675127,63.32458350324659,0.36566229891519436,0.36425653785763185,0.6686754021696112,1.0,-1.0,0.0,-80.93725635668638,-34.271466398319184,46.724999999999994,0.27736965431013405,0.6852512010519726
2024-03-01,197.0,303.0,78.39035833444325,,,303.0,78.39035833444325,485.3903583344433,254.55922090221011,-20.44077909778988,-1.0,0.4083373134628256,0.1833253730743487,0.8166746269256513,-20.44077909778988,211.4281833022833,-63.57181669771671,-1.0,0.2149245887994766,0.5701508224010468,0.4298491775989532,-39.025,220.12950362235495,-54.870496377645054,-1.0,0.3793961430976735,0.2412077138046529,0.7587922861953471,166.8907759288111,-108.10922407118888,-1.0,0.274962340387905,0.4500753192241898,0.5499246807758101,-30.109224071188883,275.25757575757575,0.2575757575757587,1.0,1.0,1.0,0.0,0.0,-0.0,0.0050632911392636,197.49999999909815,0.2575757575757587,1.0,0.0,-49.34694809735296,41.77929194898197,108.10922407118888,225.65305190264704,41.77929194898198,0.4555240771495761,0.31423189611765284,0.4889518457008476,1.0,-1.0,0.0,-41.56963213586681,-29.858334389659586,39.025,0.42671734377250425,0.8166746269256513
2024-04-01,221.0,175.0,123.18366893212648,,,175.0,123.18366893212648,938.1836689321264,269.4999839955858,-33.50001600441418,-1.0,0.3128490726010381,0.3743018547979237,0.6256981452020762,-31.325,251.30650153756145,-51.69349846243858,-1.0,0.2112095057964325,0.577580988407135,0.422419011592865,-31.325,205.38618850532367,-97.61381149467633,-1.0,0.2514945601774799,0.4970108796450402,0.5029891203549598,209.17305872133335,-93.82694127866662,-1.0,0.2595428959120951,0.4809142081758097,0.5190857918241902,-11.826941278666633,301.85820895522386,-1.1417910447761184,-1.0,0.0,1.0,0.0,0.0,-0.0,0.0049875311720685,200.5000000000527,-1.1417910447761184,1.0,0.0,-55.55521165699438,40.91398274225275,97.61381149467633,247.44478834300563,40.91398274225275,0.20701920689740913,0.12125517108688823,0.5859615862051817,1.0,-1.0,0.0,-46.82079160942642,-24.825647092888875,31.325,0.3458632666910266,0.6256981452020762
2024-05-01,189.0,272.0,188.8393348167217,,,272.0,188.8393348167217,769.8393348167217,233.95711280957303,58.957112809573054,1.0,0.8293693453048774,0.6587386906097548,0.3412613093902452,31.325,225.6653633117676,50.66536331176758,1.0,0.7830467224121094,0.5660934448242188,0.4339065551757812,31.325,206.18276483530292,31.18276483530292,1.0,0.5862321443001344,0.1724642886002687,0.8275357113997313,190.90488695257665,15.904886952576646,1.0,0.5443105085697568,0.0886210171395136,0.9113789828604864,1.9048869525766503,175.00502512562815,0.0050251256281418,1.0,1.0,1.0,0.0,0.0,-0.0,0.0050377833753098,198.50000000019935,0.0050251256281418,1.0,0.0,31.34303060696967,24.2709838552482,58.957112809573054,206.34303060696965,24.270983855248197,0.7485917441173756,0.18642005012774057,0.49718348823475117,1.0,1.0,0.0,29.89282984732446,21.518295650858885,31.325,0.41985339036692565,0.9113789828604864
2024-06-01,190.0,206.0,120.61792187620097,,,206.0,120.61792187620097,553.617921876201,260.4925385452397,-11.507461454760284,-1.0,0.435712505839328,0.1285749883213439,0.871425011678656,-11.507461454760284,224.06432753801343,-47.93567246198654,-1.0,0.23220294713974,0.53559410572052,0.46440589427948,-31.325,237.71176566206705,-34.28823433793295,-1.0,0.4053773204499952,0.1892453591000095,0.8107546408999905,183.34749046855336,-88.65250953144664,-1.0,0.2708072409940067,0.4583855180119865,0.5416144819880134,-6.652509531446636,271.8927680798005,-0.1072319201995001,-1.0,0.0,1.0,0.0,0.0,-0.0,0.0049999999999571,200.000000001714,-0.1072319201995001,1.0,0.0,-36.498221941265186,34.657651745564586,88.65250953144664,235.50177805873483,34.65765174556458,0.26882000288461405,0.17328441964062444,0.462359994230772,1.0,-1.0,0.0,-32.176997975494146,-16.49499032873564,31.325,0.4488666714743495,0.871425011678656
2024-07-01,186.0,114.0,210.38262705550517,,,114.0,210.38262705550517,-865.6173729444948,238.46972915617297,32.469729156172946,1.0,0.6979861533912984,0.3959723067825969,0.6040276932174031,28.7,214.52880907058716,8.528809070587158,1.0,0.5520049333572388,0.1040098667144775,0.8959901332855225,8.528809070587158,205.86236083516616,-0.1376391648338426,-1.0,0.499580368498421,0.0008392630031579,0.999160736996842,146.3881298070218,-59.61187019297819,-1.0,0.3258591073408949,0.3482817853182102,0.6517182146817898,-39.61187019297818,204.9727047146402,-1.0272952853598003,-1.0,0.0,1.0,0.0,0.0,-0.0,0.0049751243781258,200.99999999933704,-1.0272952853598003,1.0,0.0,-3.955653283282345,33.9243175288669,59.61187019297819,202.0443467167177,33.924317528866915,0.4150861125175706,0.2674772958486324,0.3698206443636885,1.0,-1.0,0.0,-4.350728198198683,-0.7943537074636732,39.61187019297818,0.5259786504266138,0.999160736996842
2024-08-01,164.0,142.0,127.95933698954735,,,142.0,127.95933698954735,208.95933698954735,136.81952711343604,22.819527113436045,1.0,0.6391434580087564,0.2782869160175127,0.7217130839824872,22.819527113436045,153.18335461616516,39.18335461616516,1.0,0.7389228940010071,0.4778457880020141,0.5221542119979858,28.7,153.53058741491617,39.53058741491617,1.0,0.6182389949475706,0.2364779898951412,0.7635220101048588,192.9012170626356,78.9012170626356,1.0,0.7235640585198468,0.4471281170396937,0.5528718829603063,28.90121706263561,113.85286783042396,-0.1471321695760587,-1.0,0.0,1.0,0.0,0.0,-0.0,0.0050000000000069,199.99999999972005,-0.1471321695760587,1.0,0.0,36.057510807515385,28.911229270368903,78.9012170626356,150.05751080751537,28.9112292703689,0.5439738810954362,0.3085198082293706,0.4879477621908723,1.0,1.0,0.0,28.508752976031136,26.806914725357217,28.90121706263561,0.4275435315076075,0.7635220101048588
2024-09-01,143.0,254.0,208.6624804182779,,,254.0,208.6624804182779,457.66248041827794,172.6164837677247,30.61648376772471,1.0,0.7001077370439523,0.4002154740879047,0.5997845259120953,26.775,190.3812200427055,48.381220042705536,1.0,0.8162171244621277,0.6324342489242554,0.3675657510757446,26.775,197.085496182973,55.085496182973,1.0,0.6726228377468778,0.3452456754937556,0.6547543245062444,163.69330347496015,21.693303474960175,1.0,0.570421874567978,0.140843749135956,0.859156250864044,20.693303474960167,141.9228855721393,-0.0771144278606953,-1.0,0.0,1.0,0.0,0.0,-0.0,0.004987531172068,200.50000000007051,-0.0771144278606953,1.0,0.0,31.139877808100543,21.99243525407609,55.085496182973,173.13987780810055,21.992435254076085,0.5518739147641872,0.32067886802554924,0.5037478295283744,1.0,1.0,0.0,25.74598179043689,24.74776782498672,26.775,0.41437473058836605,0.859156250864044
2024-10-01,132.0,12.0,-107.23490466592898,,,12.0,-107.23490466592898,803.765095334071,210.95833332967692,-43.041666670323096,-1.0,0.2375508129858347,0.5248983740283304,0.4751016259716696,-28.7,206.16556614637375,-47.83443385362625,-1.0,0.2083266228437423,0.5833467543125153,0.4166532456874847,-28.7,213.4613183990274,-40.53868160097261,-1.0,0.3788636686766602,0.2422726626466795,0.7577273373533204,130.78253457435935,-123.21746542564064,-1.0,0.1820303179016196,0.6359393641967607,0.3640606358032393,-1.217465425640615,264.1904761904762,10.19047619047619,1.0,1.0,1.0,0.0,0.0,-0.0,0.1999999999999009,5.000000000002477,10.19047619047619,1.0,0.0,-48.888354272017274,47.74970290896436,123.21746542564064,205.11164572798276,47.74970290896437,0.40135428448157134,0.3431751660069687,0.5972914310368572,1.0,-1.0,0.0,-43.022997039305814,-19.539155141880205,28.7,0.36892380746926917,0.7577273373533204
2024-11-01,188.0,227.0,21.74845909346226,,,227.0,21.74845909346226,332.74845909346226,77.68157921982821,65.68157921982821,1.0,0.9004974342672452,0.8009948685344903,0.1990051314655097,28.7,70.64222168922424,58.64222168922424,1.0,0.8575745224952698,0.7151490449905396,0.2848509550094604,28.7,147.18358557005257,135.18358557005257,1.0,0.8386990831857177,0.6773981663714355,0.3226018336285645,219.33470373917825,207.33470373917825,1.0,0.9261138648164848,0.8522277296329697,0.1477722703670303,31.334703739178245,12.473945409429282,0.4739454094292815,1.0,1.0,1.0,0.0,0.0,-0.0,0.0074441687345015,134.33333333314775,0.4739454094292815,1.0,0.0,93.46320712554251,79.59056223720569,207.33470373917825,105.4632071255425,79.59056223720569,0.9045769809529436,0.06351212708424621,0.8091539619058871,1.0,1.0,0.0,89.79551385589434,29.578234579726082,31.334703739178245,0.16027905986751106,0.3226018336285645
2024-12-01,153.0,256.0,131.6993307340046,,,256.0,131.6993307340046,-251.3006692659954,190.3588334567536,-36.64116654324639,-1.0,0.2765782527850829,0.446843494429834,0.5531565055701659,-28.7,183.33909100294113,-43.66090899705887,-1.0,0.2337749451398849,0.5324501097202301,0.4675498902797699,-28.7,243.44172375835063,16.441723758350662,1.0,0.5499599370634914,0.0999198741269828,0.9000801258730171,159.89769154093045,-67.10230845906955,-1.0,0.3061202162519875,0.3877595674960249,0.6122404325039751,6.897691540930438,212.9318181818182,-14.068181818181818,-1.0,0.0,1.0,0.0,0.0,-0.0,0.2449460926546348,4.082530932265018,-14.068181818181818,1.0,0.0,-29.00616841184119,31.674220001328983,67.10230845906955,197.9938315881588,31.674220001328976,0.27328667024808934,0.19614009877215882,0.49339460915461436,1.0,-1.0,0.0,-31.644047256124782,-16.834102819689853,28.7,0.46299550781359383,0.9000801258730171
2025-01-01,165.0,143.0,386.5189343241145,,,143.0,386.5189343241145,-2635.4810656758855,231.04107253625793,-24.95892746374208,-1.0,0.3478114179040117,0.3043771641919766,0.6956228358080234,-24.95892746374208,226.8748860359192,-29.12511396408081,-1.0,0.3224078416824341,0.3551843166351318,0.6448156833648682,-28.7,267.9120157417358,11.912015741735786,1.0,0.5362533891735252,0.0725067783470503,0.9274932216529496,159.21986149295145,-96.78013850704856,-1.0,0.2350080410954202,0.5299839178091594,0.4700160821908405,-5.7801385070485525,248.72919117647055,-7.270808823529408,-1.0,0.0,1.0,0.0,0.0,-0.0,0.1978313022029812,5.054811796031994,-7.270808823529408,1.0,0.0,-29.24459460333302,41.097885424367455,96.78013850704856,226.755405396667,41.09788542436744,0.2882961379710782,0.19502740816173034,0.4524104353966637,1.0,-1.0,0.0,-33.4389878107806,-19.813021990263543,28.7,0.4892965208699438,0.9274932216529496
2025-02-01,136.0,151.0,-6.03816599730726,,,151.0,-6.03816599730726,772.9618340026927,175.5843101399989,32.584310139998905,1.0,0.6986848179268226,0.3973696358536451,0.6026303641463548,28.7,193.55310916900635,50.55310916900635,1.0,0.8082506656646729,0.6165013313293457,0.3834986686706543,28.7,155.8557388096926,12.85573880969261,1.0,0.5391142422934695,0.0782284845869389,0.921771515413061,125.0907810883323,-17.909218911667693,-1.0,0.445614736166199,0.1087705276676018,0.8912294723323981,-10.909218911667686,131.70939024390245,-11.290609756097554,-1.0,0.0,1.0,0.0,0.0,-0.0,0.2041161408698458,4.899171597789747,-11.290609756097554,1.0,0.0,13.358665890186524,28.890190173995492,50.55310916900635,156.35866589018653,28.890190173995492,0.4983328924102328,0.311836461302721,0.4401739958875064,1.0,1.0,0.0,14.48570559658641,15.496927029444103,28.7,0.5005410269053857,0.921771515413061
2025-03-01,121.0,228.0,344.7318625276141,,,228.0,344.7318625276141,707.7318625276141,160.67360458314138,9.673604583141383,1.0,0.5632261737460221,0.1264523474920442,0.8735476525079557,9.673604583141383,185.49801445007324,34.49801445007324,1.0,0.7254772186279297,0.4509544372558594,0.5490455627441406,26.775,143.0128984534231,-7.987101546576895,-1.0,0.4739220457155279,0.0521559085689441,0.947844091431056,158.70515219972617,7.705152199726172,1.0,0.5251589703403883,0.0503179406807765,0.9496820593192234,37.70515219972618,151.57320099255583,0.5732009925558323,1.0,1.0,1.0,0.0,0.0,-0.0,0.0074441687344997,134.3333333331818,0.5732009925558323,1.0,0.0,8.892574135783947,15.904354543178664,34.49801445007324,159.89257413578395,15.904354543178664,0.6575568816859736,0.21332469607499827,0.3359761267995249,1.0,1.0,0.0,10.313004505374685,24.71791892762252,37.70515219972618,0.5545939224561459,0.9496820593192234
2025-04-01,128.0,177.0,220.65263447181312,,,177.0,220.65263447181312,863.6526344718131,183.32634635140525,-44.673653648594744,-1.0,0.206094383890824,0.5878112322183519,0.4121887677816481,-26.6,178.17132103443146,-49.82867896556854,-1.0,0.1721797436475753,0.6556405127048492,0.3443594872951507,-26.6,101.0190041807218,-126.9809958192782,-1.0,0.1583172038865802,0.6833655922268396,0.3166344077731604,202.12437116284696,-25.875628837153045,-1.0,0.415695604317421,0.168608791365158,0.831391208634842,74.12437116284696,228.76237623762376,0.7623762376237635,1.0,1.0,1.0,0.0,0.0,-0.0,0.007444168734502,134.33333333313973,0.7623762376237635,1.0,0.0,-49.31931620659416,47.72567575959386,126.9809958192782,178.68068379340585,47.72567575959386,0.3904573871484801,0.35626642972468076,0.6190852257030397,1.0,-1.0,0.0,-48.233844227095695,6.974790387615651,74.12437116284696,0.3186696733698839,0.831391208634842
2025-05-01,126.0,139.0,57.21959252888257,,,139.0,57.21959252888257,669.2195925288826,169.55575964090465,-7.444240359095365,-1.0,0.4510247344796357,0.0979505310407284,0.9020494689592716,-7.444240359095365,209.62878036499023,32.628780364990234,1.0,0.714663028717041,0.429326057434082,0.570673942565918,26.6,149.64523209952392,-27.354767900476077,-1.0,0.4109762310928951,0.1780475378142098,0.8219524621857902,250.16558580770436,73.16558580770436,1.0,0.7236630794674559,0.4473261589349118,0.5526738410650882,124.16558580770436,177.63456790123456,0.6345679012345691,1.0,1.0,1.0,0.0,0.0,-0.0,0.0074257425742633,134.66666666655985,0.6345679012345691,1.0,0.0,14.325985162871547,39.3566186241,73.16558580770436,191.32598516287152,39.3566186241,0.6600654147514055,0.23891657125467305,0.4305300570447864,1.0,1.0,0.0,19.405018045896355,47.773781816203005,124.16558580770436,0.4757959095583886,0.9020494689592716
2025-06-01,125.0,147.0,196.02824368523693,,,147.0,196.02824368523693,568.0282436852369,155.69647209789778,16.696472097897782,1.0,0.6098452111703802,0.2196904223407603,0.7803095776592397,16.696472097897782,163.10280179977417,24.10280179977417,1.0,0.6585710644721985,0.317142128944397,0.682857871055603,24.10280179977417,131.7194280974946,-7.2805719025054145,-1.0,0.4760690488465572,0.0478619023068855,0.9521380976931144,218.6434652344455,79.6434652344455,1.0,0.74037919030011,0.48075838060022,0.51924161939978,93.6434652344455,139.53940886699507,0.5394088669950751,1.0,1.0,1.0,0.0,0.0,-0.0,0.0074074074073995,135.00000000014347,0.5394088669950751,1.0,0.0,22.740315219321424,34.17047994046997,79.6434652344455,161.74031521932142,34.17047994046996,0.6969729029578492,0.1946625130573072,0.4130905668384526,1.0,1.0,0.0,24.10719735458226,44.814246377372484,93.6434652344455,0.4903257622025228,0.9521380976931144
2025-07-01,110.0,73.0,-55.89561570642695,,,73.0,-55.89561570642695,-1084.895615706427,146.06459473274242,-0.935405267257592,-1.0,0.4938460179785685,0.012307964042863,0.987692035957137,-0.935405267257592,178.9754343032837,31.97543430328369,1.0,0.7103646993637085,0.420729398727417,0.579270601272583,26.6,150.10474226402675,3.104742264026754,1.0,0.5102115478631544,0.0204230957263087,0.9795769042736912,189.7256656190365,42.725665619036505,1.0,0.6369567562602204,0.2739135125204408,0.7260864874795592,79.7256656190365,147.55773955773955,0.5577395577395589,1.0,1.0,1.0,0.0,0.0,-0.0,0.0073891625615792,135.33333333327965,0.5577395577395589,1.0,0.0,15.485635295365782,20.369780803449085,42.725665619036505,162.48563529536577,20.369780803449085,0.6702758042931303,0.2050508225963897,0.3454747942034059,1.0,1.0,0.0,14.916154751128333,35.13008678392631,79.7256656190365,0.5466691985907582,0.987692035957137
2025-08-01,76.0,22.0,118.5840257591788,,,22.0,118.5840257591788,203.5840257591788,115.50134366583283,42.501343665832835,1.0,0.7852439172203546,0.5704878344407092,0.4295121655592908,26.075,110.83940255641936,37.83940255641937,1.0,0.7539557218551636,0.5079114437103271,0.4920885562896728,26.075,128.88302995568634,55.88302995568634,1.0,0.6792021844552848,0.3584043689105696,0.6415956310894304,95.9035541819454,22.90355418194541,1.0,0.576257892524131,0.1525157850482619,0.8474842149517381,19.90355418194541,73.375,0.3750000000000011,1.0,1.0,1.0,0.0,0.0,-0.0,0.0073710073710112,135.66666666659503,0.3750000000000011,1.0,0.0,31.90046607197679,21.199129565708116,55.88302995568634,104.90046607197678,21.199129565708116,0.7589319432109869,0.15696937120412147,0.5178638864219736,1.0,1.0,0.0,26.01550039963679,24.0178513939818,26.075,0.4030085958768572,0.8474842149517381
2025-09-01,40.0,119.0,243.32694166790793,,,119.0,243.32694166790793,492.32694166790793,65.18795596372159,43.18795596372159,1.0,0.8084853997408685,0.616970799481737,0.3830292005182629,24.5,51.96369481086731,29.96369481086731,1.0,0.7140263915061951,0.4280527830123901,0.5719472169876099,24.5,125.38824191897592,103.38824191897592,1.0,0.814115220009261,0.6282304400185219,0.3717695599814781,93.1999806625552,71.1999806625552,1.0,0.7344156352884124,0.4688312705768247,0.5311687294231753,53.199980662555205,22.24938875305624,0.2493887530562358,1.0,1.0,1.0,0.0,0.0,-0.0,0.0073529411764617,136.00000000016271,0.2493887530562358,1.0,0.0,49.59785242183525,39.43956050385032,103.38824191897592,71.59785242183526,39.43956050385032,0.8142085293089474,0.11286562826113701,0.6284170586178948,1.0,1.0,0.0,43.93692234940255,34.06666022085174,53.199980662555205,0.3108779413478313,0.5719472169876099
2025-10-01,22.0,-138.0,-320.0846056783837,,,-138.0,-320.0846056783837,560.9153943216163,96.78321885299104,-22.21678114700897,-1.0,0.3508940862616848,0.2982118274766304,0.7017881725233696,-22.21678114700897,105.79865184426308,-13.201348155736923,-1.0,0.4114003479480743,0.1771993041038513,0.8228006958961487,-13.201348155736923,143.5517899705208,24.551789970520787,1.0,0.581650909645471,0.1633018192909419,0.8366981807090581,63.35611807059866,-55.64388192940134,-1.0,0.3214976422797886,0.3570047154404228,0.6429952845595772,41.35611807059866,119.48536585365854,0.4853658536585377,1.0,1.0,1.0,0.0,0.0,-0.0,0.0073349633251978,136.33333333306342,0.4853658536585377,1.0,0.0,-13.20497108159358,29.56041364001897,55.64388192940134,105.79502891840642,29.560413640018968,0.5330885972270037,0.27979374469455753,0.3991435332623693,1.0,-1.0,0.0,-12.193602048636338,1.979329589284255,41.35611807059866,0.501936216168892,0.8366981807090581
2025-11-01,32.0,64.0,202.6849433546863,,,64.0,202.6849433546863,513.6849433546863,-73.30922030387559,64.69077969612441,1.0,0.9255972348429238,0.8511944696858476,0.1488055303141524,26.6,-85.6590747833252,52.340925216674805,1.0,0.8443481922149658,0.6886963844299316,0.3113036155700683,26.6,74.43645136428003,212.43645136428003,1.0,0.9424167828649712,0.8848335657299422,0.1151664342700578,74.66785372094594,212.6678537209459,1.0,0.9425817920659448,0.8851635841318894,0.1148364158681105,42.66785372094594,-144.8983505154639,-6.8983505154639175,-1.0,0.0,1.0,0.0,0.0,-0.0,0.1968570842458117,5.07982734698701,-6.8983505154639175,1.0,0.0,107.04753189651225,100.0413016195211,212.6678537209459,-30.95246810348774,100.04130161952111,0.7309888003977612,0.41065216627657297,0.861977600795522,1.0,1.0,0.0,106.8310432456695,31.955951240315315,42.66785372094594,0.1478281800447001,0.3113036155700683
2025-12-01,60.0,50.0,166.06161843483542,,,50.0,166.06161843483542,-170.93838156516458,80.24497087113542,16.244970871135422,1.0,0.6048062636847447,0.2096125273694893,0.7903874726305107,16.244970871135422,51.080278396606445,-12.919721603393556,-1.0,0.4166469573974609,0.1667060852050781,0.8332939147949219,-12.919721603393556,183.30171725957683,119.30171725957683,1.0,0.8233741406522121,0.6467482813044243,0.3532517186955757,78.54016176972638,14.540161769726382,1.0,0.5467666482839852,0.0935332965679704,0.9064667034320296,18.54016176972639,63.900243309002434,-0.0997566909975658,-1.0,0.0,1.0,0.0,0.0,-0.0,0.0073170731707427,136.66666666646125,-0.0997566909975658,1.0,0.0,27.413474321209502,52.72013706802741,119.30171725957683,91.41347432120952,52.72013706802742,0.4783188020036806,0.30509820759886214,0.42332003808939245,1.0,1.0,0.0,37.640441835324395,7.288470345822752,18.54016176972639,0.4817861471206301,0.9064667034320296
2026-01-01,83.0,130.0,407.9015114178337,,,130.0,407.9015114178337,-2587.0984885821663,67.33473099530809,17.334730995308085,1.0,0.611836974163278,0.2236739483265559,0.776326051673444,17.334730995308085,71.53872668743134,21.538726687431335,1.0,0.638959527015686,0.277919054031372,0.7220809459686279,21.538726687431335,162.7786042977436,112.7786042977436,1.0,0.810798625414653,0.621597250829306,0.378402749170694,85.48779692492299,35.48779692492299,1.0,0.612517554621326,0.2250351092426519,0.7749648907573481,2.4877969249229883,49.10386473429952,-0.896135265700482,-1.0,0.0,1.0,0.0,0.0,-0.0,0.0072639225181669,137.66666666653057,-0.896135265700482,1.0,0.0,37.24874472794111,44.176535353355284,112.7786042977436,87.2487447279411,44.17653535335529,0.5348225362429886,0.3102459505956727,0.4696450724859772,1.0,1.0,0.0,37.07313916273826,13.787084869220804,21.538726687431335,0.4431730933480469,0.776326051673444
2026-02-01,66.0,-92.0,2.9785878396584167,,,-92.0,2.9785878396584167,777.9785878396584,92.14219784514054,-37.857802154859456,-1.0,0.255756115129939,0.488487769740122,0.511512230259878,-27.125,116.72093376517296,-13.279066234827042,-1.0,0.4143286049365997,0.1713427901268005,0.8286572098731995,-13.279066234827042,103.34646610305096,-26.65353389694903,-1.0,0.4148584110753074,0.170283177849385,0.8297168221506149,59.573650200487414,-70.4263497995126,-1.0,0.2872603837554034,0.4254792324891931,0.5745207675108068,-6.426349799512584,129.2987951807229,-0.7012048192771073,-1.0,0.0,1.0,0.0,0.0,-0.0,0.0072463768115785,138.00000000029752,-0.7012048192771073,1.0,0.0,-29.783591381085046,26.669310591792037,70.4263497995126,100.21640861891495,26.669310591792033,0.2744407029794499,0.16964441882289016,0.45111859404110016,1.0,-1.0,0.0,-24.81526980801963,-15.61013867811321,27.125,0.458608901101013,0.8297168221506149
2026-03-01,51.0,178.0,308.8432208437107,,,178.0,308.8432208437107,664.8432208437107,-39.063855623406546,52.936144376593454,1.0,0.8415235121070546,0.6830470242141091,0.3169529757858909,27.125,-42.747607946395874,49.252392053604126,1.0,0.8177573680877686,0.6355147361755371,0.3644852638244629,27.125,19.436277784801803,111.4362777848018,1.0,0.8081272985998724,0.6162545971997448,0.3837454028002551,42.2382412538116,134.2382412538116,1.0,0.8496816458236701,0.6993632916473402,0.3006367083526597,-8.761758746188397,-93.23317307692308,-1.2331730769230758,-1.0,0.0,1.0,0.0,0.0,-0.0,0.0072289156626623,138.3333333331081,-1.2331730769230758,1.0,0.0,69.32597647837758,53.93757634605107,134.2382412538116,-22.674023521622416,53.93757634605107,0.6634179649236731,0.3712480921046714,0.7268359298473464,1.0,1.0,0.0,62.952237529263236,15.162747084603867,27.125,0.22884154440432183,0.3837454028002551
2026-04-01,90.0,,148.18887622720047,,,,148.18887622720047,876.1888762272005,,,,,,,,,,,,,,,,,,,,,,,,,,,,,,,,,,,,,,,,,,,,,,,,,,,,,,,,
2026-05-01,,,29.94184585235621,,,,29.94184585235621,616.9418458523562,,,,,,,,,,,,,,,,,,,,,,,,,,,,,,,,,,,,,,,,,,,,,,,,,,,,,,,,
